n,k,mmb_items,ummb_items
1537749,355082,30,18
1633209,1011,17,10
1640395,287,14,8
1702496,1675,15,10
1723979,192,12,7
1738320,1232,14,10
1738320,1453,14,10
1752652,1021,16,10
1910241,882,14,9
2170018,1053,15,9
2334718,1370,21,10
2408709,109,14,6
2509273,2063,18,10
2523629,1020,16,9
2963694,403,13,8
3241169,939,16,9
3243565,1351,16,10
3253144,1431,16,10
3253144,1445,16,10
3291450,2085,17,10
3310607,1133,15,11
3310607,1272,15,11
3341735,1194,15,9
3341735,1780,18,11
3344131,1900,16,11
3353707,193,13,7
3353707,896,17,9
3356100,103,11,7
3360896,403,12,8
3368075,524,14,8
3368075,1161,15,9
3370468,978,14,9
3375265,2060,18,10
3408775,55,10,5
3411166,342,13,8
3427938,150,12,7
3459079,359,16,8
3459079,691,18,9
3466277,91,11,6
3468672,894,13,9
3471072,1521,14,10
3511741,243,12,8
3511741,2024,18,11
3516539,642,16,9
3523733,52,10,5
3526129,1635,16,11
3540517,722,15,10
3554904,1650,18,11
3557302,1794,17,10
3578886,545,18,9
3619454,234,10,7
3717539,177,12,8
3717539,1817,17,10
3719939,192,14,7
3743921,1745,19,10
3775033,1576,16,10
3873006,1472,17,10
3875393,1334,15,10
3875393,1926,16,10
3877779,1484,16,10
3880170,133,12,7
3882556,1620,17,11
3887338,1468,19,10
3889733,1135,16,10
3918445,2202,17,10
3951947,380,15,9
3954342,1197,15,10
3954342,2022,18,11
3994836,2325,18,11
4018753,731,15,10
4030707,957,16,9
4033102,1942,15,10
4035496,538,14,9
4037889,708,13,9
4052244,949,14,9
4073770,1196,16,9
4107277,1070,15,11
4114449,1211,19,10
4145555,1277,16,9
4149643,10,5,3
4157521,1460,19,10
4161056,9,8,3
4163111,152,11,6
4171246,4,5,2
4171646,2,3,1
4176675,176,12,7
4212605,774,14,9
4213205,1,1,0
4213717,2,4,2
4214269,2,5,2
4214813,4,5,2
4215305,8,5,2
4217394,1496,16,10
4219788,1230,16,10
4226974,1581,16,10
4229366,1819,17,10
4231761,1619,17,10
4234153,1785,17,10
4234153,2312,17,10
4241321,864,16,9
4241321,2174,18,11
4243709,1798,17,10
4248495,1404,16,10
4255645,2141,18,11
4258040,2196,16,10
4260437,1828,18,10
4270027,859,16,9
4272419,1428,17,10
4289177,1581,17,10
4291568,96,10,6
4327444,1332,19,10
4332231,145,10,7
4344203,1836,17,10
4346593,1900,17,10
4353772,332,14,8
4356166,1148,17,10
4358561,2004,18,10
4363349,246,14,7
4372912,1380,16,9
4420592,18,8,5
4485157,11,7,3
4516012,20,8,4
4520343,9,6,4
4533251,12,7,3
4533507,136,14,7
4547837,7,7,3
4559989,13,7,3
4601840,11,7,3
4611127,9,7,4
4619850,13,8,4
4622166,2198,18,11
4622166,2236,18,11
4622166,2248,18,11
4622166,2286,18,11
4622166,2316,18,11
4623182,18,7,4
4643515,11,6,3
4658427,16,8,4
4662101,9,7,3
4665716,9,6,3
4673692,175,13,8
4674879,1,2,0
4675263,223,12,8
4722679,2256,20,11
4751921,13,7,3
4798678,11,6,3
4802341,20,8,3
4803757,14,8,4
4804018,221,13,8
4804018,233,13,8
4804018,245,13,8
4807040,10,8,3
4807776,9,8,3
4813947,12,8,4
4819432,10,7,4
4823601,14,7,3
4856303,14,7,3
4872613,14,8,3
4879548,7,6,3
4880244,19,6,3
4918796,10,5,3
4920209,18,9,5
4920609,116,11,6
4926235,10,6,3
4949174,11,6,3
4952899,11,6,3
5004599,5,5,2
5006939,6,6,3
5009209,8,5,2
5009609,112,11,7
5019348,12,6,3
5031706,12,7,4
5048778,19,8,4
5063431,16,7,4
5077473,5,5,2
5084091,5,6,3
5113536,16,8,3
5132853,19,7,3
5138831,10,7,3
5150559,12,8,3
5157545,18,8,4
5163039,10,8,3
5165055,15,8,3
5178975,13,8,3
5180716,15,8,4
5190423,11,6,4
5219784,14,7,4
5220184,137,12,7
5220184,145,12,7
5221315,9,6,3
5221723,163,12,7
5223203,10,6,3
5224275,14,6,3
5227642,22313,22,15
5237897,14,8,4
5267256,11,7,4
5269365,18,7,3
5281859,10,6,3
5283754,8,5,2
5287692,20,8,4
5294310,20,7,3
5305365,19,7,3
5311422,6,5,2
5328935,13,7,4
5329967,10,7,3
5335745,9,6,2
5336145,353,15,8
5338920,8,5,2
5356088,8,5,2
5379092,13,6,3
5385479,10,7,4
5421983,14,8,3
5423929,15,8,4
5434603,12,8,4
5435839,20,10,4
5437671,11,7,4
5438346,12,8,4
5439066,12,7,4
5439458,50,10,6
5440306,509,14,9
5440306,691,14,9
5442717,11,7,3
5443280,6,6,2
5445754,13,8,4
5447186,17,7,3
5447621,9,7,3
5448069,11,7,3
5448765,8,7,3
5449837,1027,18,9
5452704,14,8,3
5454168,20,6,4
5460266,9,5,2
5465803,13,8,4
5478572,16,8,4
5491420,18,7,4
5500470,9,6,3
5501862,11,6,3
5505472,15,8,3
5520308,14,6,3
5520900,15,7,3
5524844,17,8,4
5525244,195,13,7
5525940,20,6,3
5529110,16,6,3
5534749,17,8,4
5537547,12,8,4
5538306,9,6,2
5539914,16,8,4
5564608,145,9,7
5566488,19,6,4
5566888,145,10,6
5567771,10,6,3
5568339,12,6,3
5573158,9,6,3
5579132,16,8,4
5580348,13,8,4
5610978,11,8,3
5651785,11,8,4
5652521,15,8,4
5653892,17,7,3
5661341,15,8,4
5662852,13,7,3
5680668,15,7,4
5684610,17,8,3
5687755,12,8,4
5708180,10,6,3
5720186,12,8,4
5721114,15,7,4
5721602,10,6,2
5722826,10,5,2
5724098,15,8,3
5724418,231,15,7
5728183,12,7,4
5737219,7,6,3
5762289,17,7,3
5765261,18,8,4
5779755,6,5,3
5780459,14,8,4
5782577,17,7,3
5784933,14,8,3
5791034,8,5,2
5796496,8,6,2
5800156,21,7,4
5822371,16,7,3
5823003,12,7,4
5833463,8,7,4
5833863,222,12,8
5834758,13,6,3
5837851,14,7,4
5838251,144,11,6
5841654,9,6,3
5849609,15,8,4
5850761,7,5,2
5855523,12,7,3
5855632,73,9,5
5864006,14,6,3
5864406,358,14,8
5864910,14,6,3
5877018,1073,15,9
5878762,9,5,2
5880005,6,7,3
5880405,132,13,7
5898181,14,8,3
5898368,99,13,6
5904048,18,7,5
5905392,14,7,3
5908000,12,8,3
5909032,11,7,4
5911145,11,8,4
5911801,10,8,4
5916648,7,5,2
5921490,22,9,5
5923551,12,8,3
5925530,12,7,4
5930505,15,8,4
5940506,20,7,4
5940906,386,14,8
5947471,17,8,5
5947879,92,10,6
5955765,9,7,3
5960905,12,8,4
5965015,9,6,4
5965015,11,6,4
5965423,227,11,7
5969545,15,8,4
5969932,166,15,7
5979763,13,6,3
5980155,144,14,7
5980155,279,16,8
5980155,371,16,8
6001705,15,8,4
6008885,15,7,3
6009293,309,13,8
6011377,18,9,5
6011913,13,8,4
6014988,14,8,4
6015404,312,13,8
6024072,19,7,4
6036513,14,8,3
6036913,93,11,6
6039537,9,6,2
6050240,12,8,3
6051279,9,7,3
6055056,10,7,3
6062450,82,10,6
6064830,65,9,6
6065198,12,6,3
6065598,348,11,8
6078459,15,8,4
6081739,17,8,4
6082339,18,7,3
6084052,14,6,3
6087497,20,8,4
6105353,11,8,4
6108543,16,10,4
6123029,13,7,3
6126792,36,8,4
6127184,290,12,7
6131754,11,8,4
6133754,18,8,4
6133939,5,6,3
6138594,13,8,3
6141397,12,7,3
6145119,8,8,3
6145519,89,10,6
6160137,3670,18,11
6162723,5,6,3
6179930,6,5,2
6180506,18,7,4
6231889,16,7,3
6237001,12,8,4
6244702,17,8,4
6245414,9,6,3
6250062,19,7,4
6250462,228,13,8
6251662,7,6,3
6260639,17,9,4
6266746,15,8,4
6269198,13,6,3
6272734,12,7,3
6274593,14,8,3
6293964,11,5,3
6299246,16,7,4
6300062,14,7,3
6304838,18,7,3
6312195,18,7,3
6313005,6,6,3
6313413,43,11,5
6320389,14,8,3
6323528,5,5,2
6337944,15,6,4
6341339,16,7,4
6343427,12,7,3
6349953,11,8,3
6367563,4,5,3
6369693,121,11,6
6371109,6,7,3
6376852,484,15,9
6376852,1964,17,11
6379229,1093,16,10
6379229,1568,16,10
6397515,6,5,3
6398549,10,7,3
6399965,13,7,3
6412490,13,8,4
6424423,15,7,4
6425043,20,9,5
6427171,9,6,3
6433633,17,8,3
6436937,8,5,2
6440761,7,5,2
6441162,47,10,5
6443498,13,8,4
6443903,233,11,8
6444503,12,6,4
6444903,81,9,6
6444903,163,12,7
6444903,259,12,7
6444903,309,12,7
6444903,342,12,7
6445924,805,14,9
6445924,981,17,10
6450273,2,5,2
6450273,6,6,2
6450273,20,9,4
6451094,12,6,3
6451622,16,7,3
6461583,11,7,3
6462359,16,6,4
6466092,9,5,3
6476548,11,6,3
6479291,12,8,4
6482181,20,8,3
6495462,8,6,3
6504623,14,7,3
6516832,10,8,3
6519239,12,7,4
6526068,17,6,3
6529556,14,6,3
6529956,222,13,8
6529956,374,13,8
6532075,16,8,4
6538086,10,6,3
6545162,6,5,2
6552419,15,7,3
6552811,363,14,8
6555981,21,8,4
6561940,8,6,3
6562340,328,14,8
6566681,16,7,4
6573598,13,7,3
6580258,14,8,3
6582420,12,6,3
6588083,14,6,3
6595969,21,10,4
6596370,351,14,9
6605531,18,7,4
6608017,116,11,6
6610889,18,8,4
6611289,328,13,7
6612673,268,13,8
6616575,26,10,4
6616575,159,16,7
6626027,15,8,4
6633104,11,7,3
6634426,14,8,4
6635202,12,8,3
6635786,16,8,4
6638183,16,7,4
6638583,234,13,7
6640568,18,7,4
6641620,17,6,3
6642172,16,8,4
6642724,13,7,3
6643404,20,8,4
6650679,14,7,4
6651081,263,14,8
6652577,7,6,2
6653191,18,7,4
6653599,267,12,8
6654863,10,7,3
6655569,70,9,5
6655569,353,14,8
6660306,14,7,3
6663042,17,8,3
6663834,11,7,4
6664378,10,5,2
6666069,14,7,3
6666661,14,8,3
6672810,13,8,4
6673394,13,7,3
6674394,11,7,4
6674798,43,7,4
6675414,55,9,5
6676614,82,12,6
6676614,613,13,8
6677801,360,15,9
6677801,677,15,9
6679129,9,5,2
6681817,77,10,5
6683849,16,8,4
6684668,9,6,3
6686188,14,8,4
6686838,14,6,3
6687398,8,6,3
6688246,11,6,3
6688970,32,9,4
6689130,105,10,6
6690314,872,14,10
6690314,992,14,10
6691353,214,15,7
6692697,133,13,7
6693733,2,4,2
6695077,421,14,8
6710315,17,8,4
6710880,17,9,4
6711280,169,12,7
6711280,207,12,7
6720082,13,7,3
6721218,14,8,3
6723824,12,7,3
6724682,36,9,4
6725162,19,8,4
6725562,321,14,8
6726650,18,8,4
6728725,12,7,3
6730067,13,6,3
6735231,13,8,3
6735863,17,7,4
6736263,40,10,5
6737001,19,8,4
6737969,393,16,8
6737969,787,18,9
6739002,554,16,8
6739154,60,9,5
6741605,8,7,3
6749285,5,4,2
6750109,14,8,4
6751021,18,8,4
6751413,226,15,8
6752093,11,7,3
6752997,9,7,3
6754062,284,13,9
6754062,566,13,9
6755246,185,13,8
6756612,6,6,3
6757628,998,14,9
6763190,16,6,3
6765582,20,7,4
6766254,11,6,3
6767889,11,7,3
6770683,18,8,4
6776575,16,10,4
6777508,15,7,3
6779236,18,7,3
6779936,8,6,2
6782421,8,7,3
6784245,13,7,3
6784649,171,13,8
6790620,11,6,3
6794234,15,8,4
6794650,15,7,4
6795050,109,12,6
6796066,13,8,3
6797022,462,13,8
6799165,12,7,3
6800693,15,7,3
6801049,205,14,8
6801049,305,14,8
6813009,14,7,3
6814401,15,8,3
6815592,18,7,4
6819445,14,7,3
6819853,40,9,4
6819853,46,11,5
6821872,11,7,3
6823761,19,9,5
6824161,72,10,6
6824161,347,13,8
6825568,15,8,3
6826656,6,6,2
6827056,25,7,5
6827056,104,10,6
6828029,10,7,3
6828629,235,14,7
6828629,427,15,8
6828629,457,15,8
6829665,398,14,8
6829665,734,15,10
6829665,920,15,10
6829665,990,15,10
6829825,2,5,2
6831009,215,13,8
6831009,223,13,8
6831009,260,13,8
6831009,655,14,9
6831009,771,14,9
6831009,909,14,9
6832273,19,9,5
6833401,383,13,8
6833401,562,14,8
6834438,95,13,6
6834438,219,14,7
6835782,195,11,7
6835782,942,15,10
6836825,508,15,8
6838177,557,15,9
6838177,702,15,9
6838177,1174,16,10
6842814,15,9,4
6843214,176,11,7
6843614,95,10,7
6843978,5,5,2
6846453,12,7,3
6849507,19,7,3
6850075,9,6,3
6850475,188,14,8
6851823,17,8,5
6853071,16,8,5
6853720,18,6,4
6856522,21,8,4
6862433,14,8,3
6862833,7,6,2
6863672,13,7,4
6864072,322,13,8
6865024,667,14,9
6865024,705,14,9
6866283,10,5,3
6867635,17,6,3
6868611,343,12,8
6868611,748,15,10
6869803,758,14,9
6869803,957,17,10
6869803,1155,17,10
6871439,13,7,3
6873237,15,7,3
6873813,17,7,3
6874965,12,7,3
6876939,16,8,4
6877339,332,13,8
6878162,439,14,8
6879354,32,10,5
6879354,248,12,7
6879354,429,15,8
6879354,496,15,8
6879354,547,15,8
6879354,549,15,8
6879796,66,11,6
6879796,100,11,6
6879796,145,12,6
6879796,189,14,7
6880556,386,15,9
6880556,460,15,9
6880556,746,15,9
6881740,380,13,8
6881740,1143,16,9
6882183,274,12,8
6882935,350,12,7
6882935,537,13,8
6884135,971,16,10
6884135,1086,16,10
6884135,1119,16,10
6884135,1174,16,10
6885320,265,13,8
6885320,565,15,9
6886528,246,11,8
6886528,284,11,8
6886528,746,13,9
6887714,699,14,9
6888914,321,13,8
6896522,17,8,4
6896922,264,14,7
6896922,292,15,9
6897322,97,11,6
6899370,16,8,4
6902875,8,6,3
6905405,17,9,4
6908036,14,7,3
6909424,17,8,5
6910240,19,9,4
6913052,14,7,4
6913509,15,8,3
6914117,14,8,3
6916167,14,7,4
6917207,16,6,4
6917663,13,8,3
6919128,17,6,4
6919536,168,11,7
6919536,290,11,7
6920421,43,11,6
6920421,178,12,7
6923967,8,8,3
6924567,3,4,1
6925201,121,11,6
6925545,226,12,7
6925929,142,13,7
6927590,1170,15,9
6927910,242,13,7
6929985,1225,15,10
6932373,613,16,9
6932373,1695,17,10
6932373,1723,17,10
6932373,1873,17,10
6933269,3,4,2
6933821,9,7,3
6937157,673,16,10
6937157,810,16,10
6937157,818,16,10
6937157,1608,16,10
6937157,2065,16,10
6938109,9,7,3
6939477,9,7,3
6941739,11,5,3
6946403,20,8,4
6947800,9,6,4
6948392,21,7,4
6954401,19,9,4
6956982,19,6,3
6957366,297,13,7
6957758,135,9,6
6957758,201,12,8
6957758,306,12,8
6958150,97,11,7
6958630,5,4,2
6959016,358,13,8
6959528,11,7,4
6959920,60,10,6
6959920,254,12,7
6960312,317,13,8
6961548,12,5,3
6961940,16,6,3
6961940,82,10,5
6961940,362,13,9
6962468,4,3,1
6962860,68,11,6
6962860,84,11,6
6962860,145,11,6
6962860,267,14,8
6962860,271,14,8
6963420,550,15,8
6963432,530,14,8
6963816,29,7,4
6963816,57,9,6
6963816,115,12,7
6964264,270,13,7
6964264,312,15,8
6964648,105,10,6
6964648,204,12,8
6964648,236,12,8
6964648,312,12,8
6965176,17,7,4
6965568,46,11,5
6965568,66,10,7
6965568,109,10,7
6965568,222,10,7
6965568,270,10,7
6966045,14,8,4
6966437,116,11,6
6966821,269,14,7
6967205,154,11,6
6968229,7,7,3
6968621,373,15,9
6969589,14,7,3
6972382,12,7,3
6972774,125,12,7
6972774,275,12,7
6972774,357,12,7
6973540,7,6,3
6973932,269,14,8
6976473,5,5,2
6977385,6,5,2
6977749,364,15,8
6978173,120,12,6
6978173,225,11,7
6979165,12,7,3
6979549,21,8,4
6979941,164,13,7
6980323,74,10,6
6980323,98,10,6
6980763,439,14,8
6981155,371,14,8
6981547,330,14,8
6981939,390,15,9
6982331,95,10,6
6982331,215,13,8
6983308,6,5,3
6984188,18,8,4
6984588,259,13,8
6985313,13,8,3
6987752,19,7,4
6992178,12,7,3
6993498,14,7,4
6993962,8,5,2
6994346,26,8,4
6994735,143,11,6
6995119,199,13,8
6995119,205,13,8
6995119,289,13,8
6995775,16,10,4
6997969,18,9,5
6998361,313,13,7
6998753,208,11,7
7000038,18,7,3
7000430,235,12,7
7002211,9,6,3
7003587,9,6,3
7003979,169,12,7
7003979,191,12,7
7004502,14,6,3
7005054,18,9,4
7006469,17,8,3
7007125,13,7,3
7007509,369,15,9
7009080,16,7,4
7009536,6,6,2
7010192,11,7,3
7010584,279,13,7
7010976,370,12,8
7011805,12,7,3
7013485,10,6,3
7013485,16,8,4
7014123,5,5,3
7014515,208,12,7
7014907,60,12,6
7014907,274,15,8
7014907,364,15,8
7015291,105,11,6
7015683,121,13,6
7016425,14,8,4
7017673,15,8,4
7018241,13,8,3
7018795,8,5,3
7020491,8,5,3
7023728,7,6,2
7024120,121,13,7
7024520,360,12,8
7025400,12,7,4
7025841,12,7,3
7026689,15,8,3
7027113,11,8,4
7027505,378,14,9
7027880,272,13,8
7027896,230,13,8
7027896,258,13,8
7028296,33,8,4
7028296,226,12,7
7028688,282,13,8
7029384,13,7,4
7029384,15,7,4
7030318,20,7,4
7031590,6,4,2
7031974,334,13,8
7031974,348,13,8
7032358,216,13,7
7032648,178,11,7
7033992,10,7,4
7034592,20,9,4
7035555,11,6,3
7035947,128,12,6
7035947,183,14,7
7035947,315,16,8
7037067,11,5,3
7040593,37,9,5
7041025,394,18,8
7041673,38,9,4
7042474,49,11,6
7042898,178,12,7
7044306,47,9,5
7044916,42,8,5
7045484,40,8,4
7046020,42,11,5
7046452,392,15,9
7048398,45,8,4
7048934,42,10,6
7050431,51,11,5
7050863,121,11,7
7052397,38,8,4
7053693,36,11,5
7054096,16,7,3
7054960,12,7,3
7054960,44,8,5
7055728,39,8,5
7056280,45,9,5
7056707,70,11,7
7059666,50,9,5
7060402,44,8,5
7061002,38,9,4
7061257,149,14,7
7061433,31,9,5
7062065,36,8,5
7062497,306,14,8
7062497,322,14,8
7062497,408,14,8
7062929,5,5,2
7062929,331,12,8
7063361,200,11,7
7063650,223,12,7
7064226,165,13,8
7064650,348,15,8
7065218,72,13,6
7065218,144,12,8
7065218,370,12,8
7065810,219,14,8
7065810,263,14,8
7065810,457,14,8
7066030,28,7,4
7066030,125,10,6
7067046,10,6,3
7067478,243,12,7
7067478,247,12,7
7067478,287,12,7
7067942,23,8,4
7067942,43,10,6
7068728,19,7,4
7068728,39,8,5
7069344,43,9,6
7071533,21,8,4
7071533,45,8,4
7072277,41,10,5
7074816,41,12,5
7076274,49,8,5
7076706,199,12,7
7079038,48,11,5
7079470,93,10,6
7079470,125,11,6
7080756,45,8,5
7081188,364,13,8
7081620,290,13,8
7082372,46,11,5
7082928,43,7,5
7083648,39,12,5
7084072,350,15,8
7084728,44,8,5
7085128,332,14,8
7085616,50,10,6
7086048,224,11,7
7086488,43,9,5
7087416,39,8,5
7087844,237,13,8
7090902,42,9,5
7092376,45,9,5
7092904,37,7,4
7094432,50,9,6
7095207,45,10,6
7095743,44,11,5
7096175,250,11,7
7101764,38,10,5
7103369,50,11,5
7105251,44,10,6
7106411,41,8,4
7106864,38,7,5
7107296,64,9,6
7107296,108,10,7
7108088,41,9,5
7108912,40,7,5
7108997,32,10,4
7110373,38,11,6
7110797,135,12,6
7110797,159,13,8
7110797,221,13,8
7113122,44,10,6
7113562,396,15,9
7113562,432,15,9
7113762,29,9,4
7115450,48,9,5
7115914,41,9,4
7116152,180,11,7
7116856,46,8,5
7117288,42,10,6
7117712,304,12,8
7117712,310,12,8
7118144,91,10,7
7119270,41,10,6
7119710,181,11,7
7120750,49,9,6
7121607,39,8,4
7122039,250,12,7
7122039,277,12,7
7122743,43,8,5
7123191,43,9,5
7124143,38,7,5
7124575,161,11,7
7124575,218,11,7
7124575,357,13,8
7125007,156,13,7
7125855,40,8,6
7125855,42,8,6
7126287,236,12,7
7127439,39,8,5
7128347,49,9,5
7128779,51,10,5
7128779,291,14,8
7131356,46,9,5
7132572,49,9,5
7133380,47,10,5
7134564,43,9,6
7135429,49,11,5
7136357,46,10,6
7136901,45,12,5
7137333,104,12,6
7138197,42,10,5
7138693,43,12,5
7139253,40,9,5
7139685,102,13,7
7139685,284,13,7
7139685,344,13,7
7140155,38,9,5
7140587,129,12,7
7141203,46,9,5
7141635,360,13,9
7142067,293,14,8
7142375,129,12,7
7142375,279,14,8
7142495,143,11,7
7143055,191,12,8
7143055,369,12,8
7143647,216,10,7
7143647,346,12,8
7144759,46,8,5
7147785,45,11,5
7148905,48,10,6
7149626,40,9,5
7150050,378,13,8
7150474,77,12,6
7150906,310,13,7
7151338,254,14,8
7151770,237,14,8
7152413,44,9,5
7152837,50,11,5
7152837,118,11,7
7152837,192,11,7
7152837,216,14,8
7152837,260,14,8
7153381,38,11,6
7153381,74,11,6
7153381,152,12,7
7153381,170,12,7
7153381,422,14,8
7153381,476,14,8
7153989,56,11,5
7153989,176,12,7
7153989,186,12,7
7153989,475,15,9
7154293,176,13,7
7154293,248,14,7
7154957,140,13,6
7154957,304,14,9
7154957,347,14,9
7154957,381,14,9
7155565,340,13,7
7155565,450,16,9
7155565,456,16,9
7155565,490,16,9
7155565,578,16,9
7155565,604,16,9
7156173,380,13,8
7156173,572,15,9
7156173,595,15,9
7156675,199,13,8
7157347,429,14,8
7157931,40,8,4
7157931,103,11,6
7157931,515,15,8
7158539,343,13,9
7159056,516,13,9
7159728,117,10,6
7160320,270,17,8
7160320,350,17,8
7160320,504,17,8
7161120,44,9,6
7162596,43,10,6
7163052,144,11,6
7163476,16,6,3
7163476,305,13,7
7163476,313,13,7
7163819,70,11,6
7163819,335,14,8
7164699,46,9,5
7165123,51,10,5
7165123,212,13,8
7165123,315,13,8
7165563,213,11,7
7166123,42,8,4
7166204,48,10,5
7166556,81,9,5
7166996,24,9,5
7166996,115,12,6
7166996,345,16,8
7167468,49,11,6
7167468,97,11,6
7168068,141,11,7
7168068,547,14,8
7168705,40,11,5
7169265,402,13,8
7169265,428,13,8
7169857,97,11,7
7169857,529,14,9
7170449,191,12,8
7170449,429,15,9
7170978,29,9,4
7170978,464,14,9
7171658,336,14,8
7172458,44,10,6
7172890,360,14,9
7173367,286,12,8
7174031,331,12,8
7174639,529,13,9
7175695,44,8,5
7176123,109,10,6
7176555,300,13,7
7177723,41,10,5
7178152,113,10,6
7178152,208,13,8
7178880,40,12,5
7179312,93,10,6
7179312,107,10,6
7179312,158,11,6
7179312,248,13,7
7179736,411,13,8
7180168,381,12,8
7181801,47,11,6
7182233,140,12,6
7182665,9,5,2
7182665,173,12,7
7182891,148,12,6
7183099,150,13,7
7183539,44,8,5
7184443,43,9,5
7185035,48,11,5
7185272,163,11,7
7185928,49,10,5
7186680,40,9,5
7187104,346,12,8
7187536,257,12,7
7188675,47,10,5
7189299,42,8,5
7190031,30,8,5
7190479,353,13,8
7191327,37,9,6
7191759,164,10,7
7192183,216,11,7
7193307,43,9,5
7194667,42,8,4
7195099,238,13,8
7195531,386,13,8
7195963,92,10,6
7196387,103,11,7
7196387,346,13,8
7196387,376,13,8
7197415,42,10,6
7197839,8,7,3
7197839,170,12,8
7197839,267,12,8
7198271,190,10,7
7198271,220,11,7
7198703,111,10,6
7199726,40,7,4
7200222,43,8,5
7200654,125,11,6
7200654,161,12,8
7201086,100,9,6
7201518,267,13,8
7202099,33,8,5
7203723,46,11,5
7204393,41,8,4
7204833,72,10,6
7205265,210,12,8
7205913,45,10,5
7206978,48,11,5
7208266,35,9,4
7209130,38,8,4
7209562,321,14,7
7210226,45,9,5
7210666,225,14,8
7211098,42,10,5
7211098,188,13,7
7211098,256,14,7
7212041,38,9,4
7212473,10,8,4
7212473,26,9,5
7212473,80,11,6
7212473,238,13,8
7212473,336,13,8
7212473,398,13,8
7212905,14,8,4
7212905,422,16,9
7213801,47,11,6
7214437,40,10,6
7214437,44,10,6
7214861,421,14,9
7215293,16,9,4
7215293,208,13,8
7215293,289,13,8
7215293,295,13,8
7215733,320,14,7
7218862,42,7,4
7219294,75,8,5
7219294,200,11,7
7219726,394,15,8
7220158,288,12,8
7220806,39,10,5
7221230,181,12,7
7222374,40,9,6
7222806,200,14,7
7223238,126,11,7
7223238,392,13,8
7223764,38,9,5
7224196,230,12,8
7224196,336,12,8
7224196,426,13,9
7224828,40,10,5
7225540,35,9,4
7225781,132,12,6
7226405,13,7,3
7226405,75,11,6
7227077,40,11,5
7227509,298,14,7
7227941,128,12,6
7227941,184,14,7
7227941,254,14,7
7228162,12,8,3
7228162,179,15,7
7228578,14,8,3
7229130,121,11,7
7229722,305,15,9
7229722,399,15,9
7229722,409,15,9
7230322,267,12,7
7230322,567,14,9
7230913,282,12,8
7232361,38,8,4
7232793,231,14,7
7233480,40,8,4
7233912,281,11,7
7233912,335,11,7
7234344,325,13,9
7234776,377,14,8
7234776,385,14,8
7236035,44,10,5
7236467,75,10,6
7237027,42,10,6
7237459,60,9,5
7237459,413,15,9
7237686,30,8,5
7237886,114,13,6
7237886,172,14,7
7238350,25,7,4
7238350,51,9,5
7238782,186,10,7
7238782,196,10,7
7238782,257,11,7
7238782,269,11,7
7239246,15,7,4
7239246,108,11,7
7239246,150,11,7
7239246,428,13,8
7239846,366,13,8
7240459,51,11,5
7241043,31,9,5
7241043,53,9,5
7241043,343,15,9
7241043,571,15,9
7241643,19,8,4
7241643,128,11,6
7241643,262,14,8
7241643,477,16,9
7241643,600,16,9
7242235,57,10,5
7242235,151,14,7
7242235,199,14,7
7242459,41,9,5
7242459,105,11,7
7242459,197,11,7
7243683,16,7,3
7244115,342,15,9
7244539,11,6,3
7244539,73,12,6
7245806,51,10,6
7246382,44,7,4
7247239,49,10,5
7248063,35,11,5
7248495,38,8,5
7248495,66,9,6
7248495,68,9,6
7248927,310,14,8
7249351,176,11,7
7250593,42,10,6
7251409,43,9,5
7251873,28,9,4
7251873,42,10,6
7252566,46,9,5
7252998,267,17,8
7252998,291,17,8
7253478,201,12,7
7253910,38,9,5
7253910,238,13,8
7253910,364,13,8
7253910,366,13,8
7253910,429,15,9
7254546,45,9,5
7254978,73,11,7
7254978,383,13,8
7255810,46,12,5
7256242,124,11,6
7256242,166,11,6
7256242,430,14,8
7256743,88,10,6
7256743,140,10,6
7256743,174,13,8
7256743,216,13,8
7256743,262,13,8
7257351,37,8,4
7258215,45,9,6
7258647,328,15,8
7258647,415,15,8
7259158,50,9,5
7259590,114,11,7
7259590,140,11,7
7259590,158,11,7
7260014,233,12,7
7260574,45,8,5
7261006,183,11,7
7261581,60,11,5
7262349,42,9,4
7262781,124,10,6
7262781,142,11,6
7263373,109,12,6
7263373,157,13,8
7264027,39,9,5
7265051,43,9,5
7265619,41,9,5
7266179,43,11,5
7266276,134,12,7
7266772,46,9,5
7267564,47,11,6
7267996,69,10,5
7268428,271,13,7
7268663,20,7,4
7268663,225,12,7
7269335,79,9,5
7269335,271,14,8
7269335,357,14,8
7269935,225,13,7
7269935,449,14,8
7270535,59,10,5
7270535,173,12,8
7270535,469,13,8
7270535,510,13,8
7271434,45,11,5
7272010,6,5,2
7272010,40,9,4
7272450,307,18,8
7272450,361,18,8
7272914,264,13,8
7272914,366,13,8
7273512,68,10,6
7274104,576,13,8
7274696,202,13,8
7275296,86,9,6
7275296,278,11,7
7275296,412,12,9
7275296,535,12,9
7275815,428,14,9
7276487,270,13,8
7277079,12,6,4
7277079,148,12,6
7277679,30,8,5
7277679,90,9,6
7277679,474,14,8
7278202,501,14,8
7278282,7,5,2
7278874,443,15,9
7279474,516,14,9
7280074,251,13,8
7280074,393,13,8
7280074,498,15,9
7280590,215,13,8
7280590,502,15,9
7281270,258,13,7
7281854,307,12,8
7281854,381,12,8
7282454,446,14,9
7282982,450,14,9
7283054,128,12,7
7283054,163,12,7
7283054,271,12,7
7283054,273,12,7
7283958,41,9,5
7284550,42,10,5
7284982,44,9,5
7285372,181,11,7
7286052,295,14,9
7286052,495,14,9
7286644,31,9,5
7286644,199,12,7
7287244,186,12,7
7288609,38,10,6
7291719,44,9,5
7292151,276,12,8
7292151,328,12,8
7292861,44,10,5
7293293,211,13,7
7293997,301,14,7
7293997,398,16,8
7294525,15,9,4
7295169,18,10,4
7295641,10,7,4
7296025,338,17,8
7297584,8,6,2
7298000,9,7,3
7298392,370,15,9
7298784,191,10,7
7300031,7,6,2
7300423,27,8,4
7300423,140,11,7
7300815,242,13,8
7301439,12,8,3
7303313,14,7,3
7304507,17,8,4
7306371,7,6,3
7306944,19,10,4
7307336,90,11,7
7307968,8,6,2
7308584,11,7,4
7309224,19,7,4
7309617,202,13,7
7309617,328,15,9
7310009,228,14,8
7310409,382,15,8
7310801,118,12,7
7310801,305,13,8
7311201,33,9,4
7311201,65,9,6
7311201,317,12,7
7311640,36,9,5
7311640,58,10,5
7313328,8,6,2
7313720,22,7,4
7313720,151,11,6
7313720,218,12,7
7315046,17,7,3
7315470,20,7,4
7315862,9,6,3
7315862,137,11,6
7316302,245,11,7
7316696,139,11,7
7317088,37,8,6
7317088,371,13,8
7317664,14,8,3
7318056,186,13,7
7318472,13,7,4
7318813,208,13,7
7319253,14,7,3
7319253,351,15,8
7319645,306,13,7
7320037,271,14,8
7320429,9,6,3
7320429,180,13,7
7320429,232,13,7
7320813,343,14,8
7321206,215,12,7
7322062,11,6,3
7322454,52,9,5
7322454,256,12,7
7322846,287,13,8
7322846,365,13,8
7322846,367,13,8
7323238,369,14,8
7323590,202,13,8
7324022,37,9,5
7324414,70,13,6
7324806,306,12,8
7325550,17,7,4
7325942,14,6,3
7325942,272,13,8
7326728,11,7,4
7327224,13,7,4
7327632,13,7,3
7328016,133,11,6
7328016,328,13,9
7328583,15,7,4
7328975,220,13,8
7329375,5,6,2
7333452,9,5,3
7333876,9,6,3
7334292,13,6,3
7334676,54,10,5
7335076,220,13,8
7335468,200,14,7
7335856,79,10,6
7335856,277,13,8
7336256,83,10,7
7336256,155,10,7
7336256,163,10,7
7336256,189,10,7
7336256,346,13,9
7336656,239,13,8
7337056,231,12,7
7337456,356,13,8
7338654,19,8,4
7339054,34,7,4
7339054,265,13,7
7339454,1,3,1
7339454,37,10,5
7339454,261,11,8
7339454,289,11,8
7339854,190,11,7
7339854,281,11,7
7340254,128,10,7
7340254,132,10,7
7340306,23,9,5
7340658,267,13,7
7340658,315,13,7
7340658,343,13,7
7341058,56,12,5
7341058,221,16,7
7341058,293,18,8
7341546,67,11,6
7341546,97,11,6
7341546,107,13,7
7341546,115,13,7
7341546,205,13,7
7342002,277,14,8
7342402,365,14,9
7342402,379,14,9
7342693,195,13,7
7342693,236,14,7
7343197,61,9,5
7343197,334,13,7
7343597,13,6,3
7344749,10,6,3
7345149,35,11,5
7345149,396,17,8
7345877,16,7,3
7346877,9,7,3
7347285,130,13,7
7347942,15,7,3
7348342,178,12,7
7348342,317,13,7
7348966,570,13,8
7349358,273,13,7
7349742,34,7,4
7350139,147,11,7
7350139,153,11,7
7350531,156,14,7
7350923,103,12,6
7350923,111,12,6
7350923,190,13,8
7350923,266,13,8
7351315,16,6,3
7351315,199,14,7
7351763,17,6,3
7352243,14,6,3
7352633,175,12,6
7352633,299,13,7
7353017,51,9,5
7353401,26,9,5
7353401,114,11,6
7353785,116,11,6
7354177,31,10,4
7354177,172,11,7
7354177,321,11,7
7354569,53,10,5
7354961,238,13,7
7355353,168,13,7
7355745,37,9,6
7355745,378,15,9
7356137,36,8,4
7356137,78,11,6
7356137,127,12,7
7356137,268,14,8
7356529,10,7,3
7356529,34,9,5
7356529,63,10,6
7356529,153,12,7
7356529,221,12,7
7356529,306,13,7
7356921,91,12,6
7357035,66,10,6
7357035,108,13,7
7357315,153,12,8
7357315,243,12,8
7357707,163,14,7
7357707,278,14,9
7357707,290,14,9
7357707,315,14,9
7357707,319,14,9
7357707,353,14,9
7358099,295,13,8
7359347,12,6,3
7359740,110,12,6
7360332,18,8,4
7360724,103,11,7
7360724,359,14,8
7361116,227,13,7
7361116,317,13,7
7361116,390,14,8
7361764,16,7,3
7362155,205,13,7
7362547,159,13,7
7362547,239,13,7
7362547,353,15,8
7363155,11,6,3
7363547,9,6,3
7363547,359,14,8
7363939,26,8,4
7363939,225,12,7
7364205,39,8,4
7364205,116,13,7
7364325,71,11,6
7364717,41,8,4
7364717,140,13,7
7364717,190,13,7
7364717,334,14,7
7365109,5,4,2
7365109,25,10,5
7365109,324,15,8
7365493,302,13,7
7365893,127,14,6
7365893,229,15,7
7366285,111,12,6
7366285,232,13,8
7366594,114,11,7
7367066,84,11,5
7367458,62,10,6
7367458,323,13,9
7367850,196,14,8
7368242,65,11,6
7368634,84,11,6
7368634,314,14,8
7369195,18,8,4
7369587,251,12,7
7369587,257,12,7
7369587,328,12,7
7371392,13,8,3
7371784,53,10,5
7371784,323,16,8
7372176,285,11,8
7372176,382,11,8
7372568,144,12,6
7372568,159,13,7
7372568,253,13,7
7372568,340,14,9
7372568,360,14,9
7372960,270,12,8
7373352,158,11,6
7373352,204,13,7
7373352,376,14,8
7373763,218,13,8
7373763,224,13,8
7373763,258,13,8
7373763,282,13,8
7373763,373,13,8
7373763,411,13,8
7374147,93,11,7
7374147,141,11,7
7374539,67,10,5
7374931,220,13,7
7375323,318,13,8
7375323,344,13,8
7375715,34,8,4
7375715,135,12,7
7376107,124,12,7
7376107,192,12,7
7376494,199,12,7
7376886,265,15,8
7376886,269,15,8
7377582,12,6,3
7378126,17,7,4
7378518,354,14,8
7378908,135,12,7
7379300,72,9,6
7379300,74,9,6
7379300,76,9,6
7379300,78,9,6
7379300,257,12,7
7379300,286,12,7
7379692,155,12,7
7379692,389,14,8
7380100,96,12,6
7380100,100,12,6
7380516,252,13,7
7380931,74,11,7
7380931,122,11,7
7380931,210,13,8
7380931,223,13,8
7380931,296,13,8
7381339,371,15,9
7381339,385,15,9
7381747,247,13,8
7381747,268,13,8
7382155,28,9,4
7382155,101,12,6
7382155,276,13,8
7382715,260,13,8
7384486,33,8,4
7384486,37,8,4
7384902,145,11,7
7385715,28,9,5
7385715,453,14,8
7385715,489,14,8
7388109,349,14,8
7388109,589,15,9
7388109,692,15,9
7388109,1616,16,10
7388109,2122,16,10
7390506,268,13,7
7390506,618,15,9
7390506,1160,15,9
7390506,1217,15,9
7390506,1764,18,11
7390506,1792,18,11
7390506,2039,18,11
7392903,1060,15,10
7392903,1249,15,10
7392903,1943,16,11
7392903,2118,16,11
7395297,296,14,8
7395297,1149,17,10
7395297,2078,16,11
7395297,2114,16,11
7395297,2230,16,11
7395297,2254,16,11
7397691,1811,17,10
7397691,1839,17,10
7400083,462,13,8
7400083,552,13,8
7400083,879,16,10
7400083,1172,16,10
7400083,1371,16,10
7400083,1906,16,10
7400083,2145,16,10
7402476,1863,16,10
7404863,322,13,9
7404863,1367,16,11
7407259,67,10,5
7407259,169,13,8
7407259,232,13,8
7407259,259,13,8
7407259,314,13,8
7407259,338,13,8
7407259,1181,15,10
7407259,1200,15,10
7407259,2390,18,11
7409652,103,11,6
7409652,153,13,7
7409652,175,13,7
7409652,431,15,8
7409652,1539,19,10
7409652,1666,19,10
7409652,1741,19,10
7409652,2298,20,11
7410476,773,14,9
7410868,214,14,8
7411340,17,8,4
7411732,43,9,5
7412048,98,11,7
7412048,200,11,7
7412512,177,11,7
7412512,245,11,7
7412512,287,11,7
7412512,365,12,9
7412512,391,12,9
7412904,286,13,8
7413640,11,7,4
7414481,12,7,3
7414873,151,13,7
7415257,325,14,8
7415649,225,12,7
7416924,13,7,4
7417316,221,12,7
7417812,6,6,3
7418500,9,6,3
7418892,311,17,8
7418892,331,17,8
7419231,248,11,7
7419679,73,9,6
7419679,328,13,9
7419679,366,13,9
7420063,23,9,4
7420063,355,12,8
7420543,16,10,4
7421007,74,8,5
7421007,227,12,7
7421519,3,4,1
7422099,4,6,3
7422867,11,6,3
7423491,11,6,3
7423779,256,12,7
7424021,175,15,7
7424093,28,8,4
7424405,188,13,8
7424693,79,12,6
7425549,10,6,3
7425837,45,8,4
7425837,98,11,6
7425837,194,13,7
7426181,179,13,8
7426181,181,13,8
7426181,308,13,8
7426700,11,5,3
7427684,8,6,3
7427964,146,11,7
7428292,322,13,8
7429538,12,8,3
7429866,6,5,2
7430666,6,5,2
7430986,156,12,7
7432446,13,7,3
7432894,12,7,3
7433174,263,14,8
7433730,9,6,2
7434010,90,11,5
7434330,9,5,2
7434610,38,9,5
7434610,235,12,7
7434930,13,7,3
7434930,245,14,8
7435250,73,11,6
7435706,9,5,2
7437427,13,6,3
7437747,160,11,6
7438235,13,7,4
7439688,10,7,4
7439976,143,12,7
7440424,8,5,2
7440704,53,11,5
7440704,63,11,5
7440773,38,12,5
7441029,101,13,6
7441317,63,11,6
7441317,186,14,8
7441637,171,12,7
7441637,252,14,8
7442261,10,7,3
7442581,58,11,5
7443842,15,8,3
7444154,105,11,6
7444154,240,14,8
7444562,11,7,3
7446091,22,8,4
7446875,14,7,4
7447483,8,6,3
7447795,193,12,7
7447795,225,12,7
7447795,231,12,7
7447944,20,7,4
7449160,14,7,4
7449440,160,11,7
7449440,226,11,7
7449440,264,11,7
7449440,268,11,7
7449784,59,10,6
7450096,235,12,7
7450770,9,6,2
7451546,14,7,4
7452026,17,8,4
7452354,139,10,7
7452354,159,10,7
7452666,225,14,7
7453631,18,10,4
7453951,216,15,7
7454247,37,7,4
7454247,128,11,6
7454567,22,7,4
7454567,110,12,7
7454567,265,12,7
7454567,308,12,7
7454919,103,10,7
7454919,270,13,8
7455435,10,5,3
7455755,193,15,7
7456243,13,6,3
7456563,40,8,5
7456563,157,12,6
7456563,282,13,7
7457687,20,6,4
7458007,197,11,7
7458295,177,13,7
7458623,128,10,7
7458911,154,11,7
7459231,140,9,6
7459631,16,7,5
7459898,66,11,6
7460562,14,7,3
7460882,9,6,2
7461178,140,12,6
7461498,275,13,7
7462302,9,7,3
7462614,310,14,8
7463206,17,7,3
7463518,265,12,7
7464222,20,8,4
7464534,52,9,5
7464534,160,12,7
7464534,278,13,7
7464977,8,6,2
7465297,244,12,7
7465585,118,12,7
7465585,152,12,7
7465585,219,12,7
7465993,15,8,4
7466401,11,8,3
7466721,252,13,8
7466721,265,13,8
7467041,171,13,7
7468098,11,8,3
7468474,175,11,6
7468762,173,12,7
7469082,248,15,7
7469082,292,17,8
7469082,302,17,8
7469082,307,17,8
7469426,188,12,7
7469708,10,5,3
7469708,193,13,8
7470036,157,12,7
7470356,132,12,6
7470356,227,13,7
7470740,13,6,3
7471028,161,11,6
7471340,22,8,4
7471644,147,12,6
7471644,208,14,7
7472062,13,7,3
7472686,18,7,4
7472998,10,6,3
7473566,7,7,3
7474335,10,8,3
7476447,19,9,4
7476656,97,10,6
7477016,176,13,7
7477312,151,10,7
7477632,295,10,8
7477928,256,13,8
7478240,97,11,7
7478240,297,13,8
7478872,14,6,4
7479276,15,8,4
7479596,66,11,6
7479884,99,12,7
7479884,120,12,7
7480212,59,10,5
7480212,61,10,5
7480212,175,13,8
7480572,41,10,5
7480996,20,7,3
7481316,174,12,7
7481671,12,7,4
7481991,31,8,4
7481991,190,12,8
7482303,89,10,7
7482303,131,10,7
7482303,199,12,8
7482871,10,7,4
7484058,13,7,4
7484642,14,8,3
7485122,16,8,3
7485410,236,14,8
7485818,7,5,2
7486257,9,6,2
7486577,311,13,7
7487185,9,6,2
7487505,81,10,5
7487505,303,16,8
7487825,38,9,5
7487825,203,12,7
7488145,43,9,5
7488433,252,14,8
7488754,70,11,6
7489042,158,14,7
7489362,191,12,7
7490106,16,8,4
7490426,31,10,5
7490426,290,12,7
7491615,13,8,3
7491903,98,10,7
7492215,16,7,4
7492215,129,11,7
7492215,267,12,7
7494283,12,8,4
7494595,144,11,7
7495283,14,6,3
7498022,16,7,3
7498195,54,9,5
7499451,8,6,3
7499739,262,14,8
7500507,17,7,4
7500998,15,7,3
7502270,15,9,4
7502766,17,7,4
7503181,18,8,4
7503469,61,10,6
7503933,11,7,3
7505408,12,8,3
7506104,22,7,4
7507704,15,7,4
7508203,16,8,4
7508491,123,13,6
7508491,150,15,7
7508811,306,12,7
7509131,146,13,8
7509419,32,8,4
7509419,186,13,8
7509419,216,13,8
7509763,164,14,7
7510899,12,6,3
7510899,18,6,3
7511563,16,8,4
7511883,200,12,7
7511883,318,12,7
7512403,16,6,3
7512691,83,10,6
7513051,12,7,4
7513331,270,13,8
7513683,14,6,3
7514027,10,5,3
7514339,58,10,6
7514971,11,6,3
7515291,21,7,4
7516155,15,8,4
7516899,19,7,3
7517514,19,8,4
7517826,223,12,8
7518530,9,6,2
7518922,16,8,4
7519418,17,8,4
7519730,165,13,7
7521972,18,6,3
7522347,9,5,3
7522635,220,12,7
7522955,281,13,8
7524522,180,14,8
7524946,20,9,5
7525394,18,7,3
7525994,18,8,4
7526282,74,11,5
7526991,12,7,3
7527279,2,4,1
7527279,285,11,7
7527591,203,13,8
7527919,322,13,8
7528207,37,8,5
7528519,312,12,7
7528807,88,9,6
7529713,18,9,5
7530001,198,14,7
7530321,103,12,7
7530609,137,12,7
7532162,13,8,3
7533866,17,8,4
7536438,19,6,3
7536489,10,8,4
7536721,168,12,7
7537401,14,8,4
7537825,18,9,4
7538121,200,12,7
7538625,19,10,4
7539672,14,6,4
7541925,11,7,3
7542213,79,12,7
7543245,16,8,4
7543746,16,8,3
7544066,129,14,6
7545002,16,8,4
7547189,18,7,3
7549977,18,7,4
7550289,33,9,5
7550289,51,9,5
7550289,236,12,7
7550689,9,6,2
7550830,44,7,4
7551006,28,8,4
7551334,307,12,7
7551974,18,7,3
7552286,282,12,7
7552726,9,6,3
7553258,13,8,4
7553546,285,16,8
7553858,154,11,7
7554762,16,8,4
7555082,86,13,6
7555082,117,13,6
7555402,255,12,7
7555889,10,7,3
7556209,296,13,7
7556721,14,7,3
7557121,9,6,2
7557409,111,11,6
7557409,213,12,7
7557409,275,12,7
7558342,13,6,3
7559086,16,7,4
7559462,10,6,3
7560442,20,8,4
7561010,21,8,5
7561298,273,13,7
7561826,14,8,3
7562114,165,12,8
7562434,54,11,5
7563226,7,5,2
7563586,12,8,3
7564210,14,7,3
7564578,11,8,3
7564866,29,10,4
7565758,20,9,4
7566518,22,6,3
7566966,17,6,3
7567254,263,13,8
7567875,8,6,3
7569011,10,6,3
7569323,38,8,4
7569323,255,14,8
7570148,8,6,3
7570436,97,13,6
7570756,111,11,7
7571036,3,3,1
7571036,239,13,7
7571996,15,7,4
7572308,49,9,5
7573746,13,7,3
7574466,19,10,4
7575366,15,7,3
7575686,70,11,5
7575974,250,12,8
7576294,283,13,8
7576774,11,6,3
7578385,14,7,3
7579257,9,5,2
7579835,10,6,3
7580259,12,7,3
7580571,265,13,8
7580859,283,13,8
7581339,22,7,4
7581627,195,13,8
7581989,12,7,3
7582733,18,8,4
7583085,21,8,4
7583365,239,13,8
7583685,201,14,8
7583973,176,12,7
7586679,568,13,9
7586679,1109,16,10
7586679,1185,16,10
7586679,2168,17,10
7586679,2212,17,10
7586679,2618,17,10
7587751,723,15,9
7587751,735,15,9
7588599,18,7,4
7589504,12,8,3
7589816,154,10,6
7590760,8,5,2
7592653,16,8,4
7594737,13,7,3
7595769,16,8,4
7596524,14,8,4
7596812,263,14,7
7597100,282,14,7
7598612,12,6,3
7600600,16,6,4
7601326,11,6,3
7601966,11,6,3
7602254,40,8,4
7605067,6,5,3
7605067,12,8,4
7605715,14,6,3
7606004,58,11,6
7607396,12,6,3
7607740,219,12,8
7608543,12,8,3
7609727,14,8,3
7610047,310,12,8
7611422,20,8,4
7611710,66,9,6
7611998,149,11,7
7611998,225,12,7
7612918,9,6,3
7613199,25,8,5
7613487,8,7,3
7613487,20,7,5
7613863,363,12,8
7614151,97,10,7
7614759,12,7,4
7615303,14,7,4
7618229,17,7,3
7618533,17,8,3
7618821,194,15,7
7619141,266,13,7
7619485,23,8,4
7620517,12,7,3
7621725,7,7,3
7622013,269,11,7
7622013,288,11,7
7622381,19,8,4
7623874,10,6,2
7624386,7,6,2
7624778,10,5,2
7625217,16,8,3
7625705,9,5,2
7626201,22,7,4
7626721,8,6,2
7627009,152,15,7
7627376,5,6,2
7627688,63,10,6
7628048,19,8,5
7628048,35,8,5
7628360,109,11,7
7630564,8,6,3
7630908,186,11,6
7631196,150,12,7
7631572,11,6,3
7632044,14,8,4
7633233,19,9,5
7633521,211,12,7
7633521,235,12,7
7633865,162,12,7
7634957,16,8,4
7637232,11,7,3
7638120,14,7,4
7638432,306,11,8
7640079,11,7,3
7641431,12,6,4
7641780,12,6,3
7642100,269,15,8
7642100,310,15,8
7642580,11,6,3
7642940,19,8,4
7643484,14,7,4
7643796,42,9,5
7644951,17,6,4
7646007,14,7,4
7649718,20,6,3
7650166,12,6,3
7651246,11,6,3
7653493,15,7,3
7654091,13,8,4
7654515,16,6,3
7654827,16,8,4
7655147,241,14,8
7655435,56,11,5
7655435,280,17,8
7655779,172,12,7
7656161,15,8,3
7656481,91,10,6
7656481,174,13,7
7656833,114,13,6
7657145,126,11,6
7657505,165,13,7
7657793,284,11,7
7658329,9,5,2
7658645,67,11,5
7658645,92,12,6
7659045,17,8,3
7661350,17,7,3
7661638,140,11,7
7662054,21,7,3
7662398,164,10,6
7662974,7,7,3
7664481,14,8,3
7665844,18,6,3
7666372,13,7,3
7667020,13,8,4
7667332,145,12,8
7667332,147,12,8
7667652,160,11,7
7667940,233,13,8
7668259,8,6,3
7668579,69,9,6
7668579,167,12,7
7668579,208,12,7
7668955,69,9,5
7668955,156,11,7
7668955,356,14,8
7669395,200,13,8
7669715,22,9,5
7669715,280,14,8
7670155,309,12,8
7670443,245,14,8
7670498,45,10,6
7671082,20,8,4
7671458,212,13,8
7671906,10,6,2
7672226,217,12,8
7672578,274,12,9
7672578,344,12,9
7672895,83,10,7
7673247,65,9,6
7673247,245,11,8
7673247,251,11,8
7673687,30,9,5
7673687,250,12,7
7674063,287,13,8
7674911,15,8,3
7675199,249,10,7
7675487,184,11,7
7676119,17,6,4
7676407,41,9,5
7676759,12,6,4
7677167,16,8,5
7677463,118,12,6
7677463,233,14,7
7677684,55,11,6
7677684,127,12,7
7678036,253,13,7
7678364,13,7,4
7679036,12,6,3
7679924,21,8,5
7680079,47,8,5
7680079,147,11,7
7680487,61,10,6
7680767,192,15,7
7680767,250,15,7
7681055,35,9,6
7681655,15,7,4
7681943,69,10,5
7682231,165,10,6
7682231,260,13,8
7683034,15,7,4
7683322,31,10,5
7683322,261,13,8
7683690,11,8,4
7683978,165,13,8
7683978,185,13,8
7683978,236,13,8
7684282,199,14,8
7684738,14,8,3
7685029,98,11,6
7685317,122,11,7
7685629,14,9,4
7685957,4,4,2
7685957,14,8,3
7686245,41,10,6
7686533,109,13,6
7687229,19,9,4
7687737,12,8,4
7688025,110,13,7
7688025,131,13,7
7688025,176,13,7
7688809,21,8,4
7690630,14,6,3
7690918,280,13,8
7691198,59,10,5
7692155,20,8,4
7692795,5,6,3
7693107,14,6,3
7693395,166,12,7
7693395,257,13,7
7693683,48,9,5
7693683,65,10,6
7693683,134,12,7
7694219,13,8,4
7694439,5,5,2
7694783,90,10,7
7695071,231,12,8
7695359,111,14,6
7696087,17,6,4
7696375,49,9,5
7696663,107,12,6
7696663,216,13,7
7696663,228,13,7
7696960,90,10,7
7697968,8,6,2
7698256,209,11,7
7698544,91,9,6
7698544,179,11,7
7698840,101,11,6
7698840,121,11,6
7699208,19,7,4
7700567,11,6,4
7700855,14,7,4
7700855,30,9,5
7701151,209,12,8
7701439,92,10,7
7701439,122,10,7
7701618,30,9,5
7701618,93,10,6
7701618,103,10,6
7701618,147,12,7
7701618,149,12,7
7702010,176,14,7
7702010,234,14,7
7702306,60,10,6
7702306,114,11,6
7702306,144,11,6
7702306,154,11,6
7702306,186,12,7
7702306,225,12,7
7702626,133,12,7
7702626,189,12,7
7702626,313,13,7
7702914,254,11,8
7702914,266,11,8
7702914,272,11,8
7703218,164,11,6
7703218,176,11,6
7703218,297,14,8
7703522,166,12,7
7703522,204,12,7
7703946,19,8,4
7704236,98,11,6
7704524,250,14,8
7704524,258,14,8
7704828,279,12,8
7705172,13,6,3
7706945,6,6,2
7707761,18,9,5
7708049,118,11,6
7708049,270,12,8
7708417,15,8,3
7708705,253,13,7
7709218,12,8,3
7710266,14,8,4
7710554,270,13,7
7711663,18,7,5
7712119,10,7,4
7712759,19,7,4
7713047,92,12,6
7713047,128,12,6
7713343,44,11,5
7713343,188,10,7
7713343,282,11,7
7713343,284,11,7
7713585,68,11,6
7713929,74,12,6
7714217,191,13,8
7714505,188,11,7
7714505,266,14,8
7716176,10,7,3
7716872,9,7,4
7717304,12,7,4
7718612,17,6,3
7718908,36,10,5
7719196,180,13,7
7719492,5,6,3
7719492,133,11,7
7719780,225,12,7
7720068,30,9,4
7720068,95,12,6
7720364,76,11,6
7720973,13,6,3
7721261,96,11,6
7721261,255,13,7
7722493,15,9,4
7722781,91,10,5
7723935,15,8,3
7725487,17,7,5
7727156,13,6,3
7727444,118,12,7
7727444,173,12,7
7728816,10,7,3
7729104,217,13,8
7729104,234,13,8
7729408,233,15,7
7729696,198,12,7
7730336,10,8,3
7732114,14,7,3
7732402,125,11,6
7733079,19,6,4
7733519,12,7,3
7734079,12,8,3
7734575,10,7,3
7734863,76,8,5
7734863,258,12,7
7734863,268,12,7
7735131,254,12,7
7735803,18,8,4
7736091,34,9,5
7737475,19,7,3
7737761,167,12,8
7738049,167,10,7
7738049,268,13,8
7738825,17,8,4
7739113,177,12,7
7739401,202,15,7
7739689,138,12,6
7739923,47,9,5
7739923,159,14,7
7740363,17,8,4
7740651,2,3,1
7740651,80,11,6
7740651,227,12,7
7741363,8,6,3
7741643,93,11,7
7741931,108,13,7
7742219,270,13,9
7742509,67,11,6
7742509,164,12,6
7742821,71,10,6
7742821,75,10,6
7742821,85,10,6
7742821,114,13,7
7742821,303,13,7
7742821,311,13,7
7743285,10,7,3
7743765,5,4,2
7744053,39,9,5
7744381,44,11,5
7744381,79,12,6
7744669,44,9,5
7744669,108,11,6
7745055,9,8,3
7745463,6,5,2
7748843,10,5,3
7749291,12,8,4
7749923,15,7,3
7750507,8,5,3
7750859,12,8,4
7751467,7,5,3
7751747,61,10,5
7751886,70,9,5
7752030,50,8,5
7752318,148,10,7
7752606,51,8,5
7752894,272,12,8
7753182,27,8,4
7753478,162,14,7
7753766,171,13,7
7753766,229,13,7
7754054,76,11,7
7754848,6,6,2
7755136,155,10,8
7755136,192,10,8
7755456,48,11,5
7755456,235,12,8
7755752,4,4,1
7755752,94,10,6
7756312,8,5,2
7756632,15,6,4
7757063,16,7,4
7757815,18,7,4
7758647,35,8,5
7758943,239,12,7
7760380,9,6,3
7760668,275,13,7
7761092,19,7,3
7761380,92,10,6
7761380,213,12,7
7761697,103,11,6
7761697,214,12,7
7761697,218,12,7
7762041,108,11,6
7762521,14,7,4
7764000,17,9,4
7766000,17,8,5
7766749,6,7,3
7767037,42,11,5
7767325,281,13,7
7767613,87,10,6
7767901,75,9,5
7768197,136,13,8
7768674,9,6,2
7768674,17,8,3
7769010,117,11,6
7769010,285,14,8
7769362,18,7,3
7769650,210,14,7
7769938,187,12,7
7770522,11,7,4
7771121,11,7,3
7771409,247,13,7
7772001,12,8,3
7772529,14,7,3
7772817,194,13,8
7773602,13,8,3
7774570,7,5,2
7775186,9,6,2
7775474,209,12,7
7777091,16,7,3
7777379,232,13,7
7778027,9,5,3
7778983,13,7,4
7780551,17,7,4
7780841,172,13,7
7781209,14,7,4
7782313,10,8,4
7782593,124,10,7
7782593,202,13,8
7784039,12,7,4
7784455,20,7,4
7784455,34,8,4
7785175,14,6,4
7785376,16,8,3
7785376,176,12,8
7785464,34,9,5
7785464,75,11,6
7786632,16,7,4
7788699,21,7,4
7788699,32,9,5
7789635,16,7,3
7790654,19,9,4
7791566,13,6,3
7791854,168,11,7
7793088,11,8,3
7794536,20,7,4
7794840,13,6,4
7795842,17,8,3
7796786,13,7,3
7797543,13,7,4
7797831,184,11,7
7798303,22,9,4
7798839,12,7,4
7799964,14,7,4
7801084,5,6,3
7801084,17,8,4
7801876,15,6,3
7802518,10,6,3
7805496,20,7,4
7806304,11,8,3
7806979,6,6,3
7807787,19,8,4
7809639,18,7,4
7810807,10,7,4
7811167,9,8,3
7811455,287,10,8
7812149,20,7,3
7812437,201,13,7
7812437,230,13,7
7813405,18,8,4
7813693,47,10,5
7814184,14,7,4
7814472,61,9,5
7814472,256,11,7
7814832,10,7,3
7815120,147,11,7
7815520,18,9,4
7816096,12,8,3
7816392,185,10,7
7816392,222,13,8
7818243,12,7,3
7818531,136,11,6
7822058,13,8,4
7823098,11,8,4
7824160,12,8,3
7824448,34,11,5
7824448,130,10,7
7825096,17,7,4
7826405,16,8,3
7826837,20,7,3
7827133,275,13,8
7827421,191,12,7
7827421,214,12,7
7828237,9,6,3
7828662,15,6,3
7829734,15,7,3
7830022,229,15,7
7830622,15,8,4
7831013,17,8,3
7831893,14,7,3
7832605,15,8,4
7834017,18,9,4
7834017,22,9,4
7834305,160,10,7
7836068,12,6,3
7836820,17,6,3
7837596,15,7,4
7838849,10,8,3
7839137,181,12,8
7839137,233,12,8
7839433,39,9,4
7839721,56,11,6
7839721,69,11,6
7839721,166,13,7
7840017,134,12,6
7840305,149,12,6
7840305,187,14,7
7841093,14,8,3
7841373,226,13,7
7841693,17,8,4
7842517,15,7,3
7842805,48,10,5
7842805,197,14,7
7842805,225,14,7
7843104,224,11,7
7843392,234,11,7
7843680,80,8,6
7843968,49,12,5
7844752,2,3,1
7844752,10,7,3
7845793,17,8,3
7846121,19,8,4
7848628,17,6,3
7849212,16,8,4
7849500,122,12,6
7853104,11,7,3
7853400,230,12,7
7854040,18,6,4
7854800,16,7,3
7855736,7,5,2
7856088,11,6,4
7856936,16,7,4
7857193,63,11,6
7857193,214,14,7
7857505,15,8,3
7857505,213,12,7
7857505,217,12,7
7858201,15,7,4
7859393,22,10,4
7859858,9,6,2
7860146,156,11,6
7860434,207,11,7
7860874,14,8,4
7862790,12,6,3
7863678,18,9,4
7865363,16,6,3
7869082,13,7,4
7869363,57,11,6
7869363,107,11,6
7869827,12,7,3
7871523,6,6,3
7871920,13,7,3
7872656,9,7,3
7873995,13,8,4
7874363,12,8,4
7875171,12,7,3
7875459,98,12,6
7875459,274,12,8
7875891,12,6,3
7878485,13,7,3
7879384,9,6,4
7879712,7,6,2
7880128,13,8,3
7882359,16,7,4
7882647,16,6,4
7883510,14,6,3
7884158,16,9,4
7884886,12,6,3
7885174,64,10,6
7885174,88,10,6
7885174,96,10,6
7885478,232,13,8
7885478,300,13,8
7885881,15,8,4
7886177,8,6,2
7886177,230,12,7
7886465,127,13,6
7886465,155,12,8
7886465,161,12,8
7886465,211,12,8
7886465,268,12,8
7886777,19,8,4
7886777,102,11,6
7886777,245,14,8
7887153,16,7,3
7887449,14,7,4
7887737,113,11,6
7887737,241,12,7
7888129,14,8,3
7888273,134,11,6
7888417,69,10,6
7888737,11,8,3
7893108,20,6,3
7893396,23,9,5
7893396,239,12,8
7893764,9,6,3
7894052,64,10,6
7894396,3,3,1
7894396,9,6,3
7894684,223,13,8
7895516,9,6,3
7896092,14,7,4
7896700,13,8,4
7897212,15,8,4
7898056,13,7,4
7899064,12,7,4
7899352,40,9,5
7899352,48,9,5
7899640,117,11,6
7899640,186,13,7
7899968,7,6,2
7899968,29,10,4
7900211,88,11,6
7900531,31,9,5
7900907,19,8,4
7902483,13,6,3
7902603,62,11,5
7902771,56,11,6
7903147,6,5,3
7903147,10,5,3
7903451,141,11,7
7905190,9,6,3
7907022,16,7,4
7908628,15,6,3
7910491,21,7,4
7911115,20,8,4
7911419,14,8,4
7912404,16,6,3
7912692,284,13,8
7912980,70,10,5
7913268,203,13,7
7913772,13,8,4
7914332,16,7,4
7915408,19,8,5
7915704,242,13,8
7915992,36,9,5
7915992,95,12,7
7915992,226,13,8
7916288,283,11,9
7916584,9,7,4
7916872,85,11,7
7916872,183,11,7
7917630,14,7,3
7919613,13,7,3
7924462,17,7,4
7924742,17,7,3
7924742,19,7,3
7924742,38,9,4
7925046,243,13,7
7925046,295,13,7
7926484,11,6,3
7927588,14,7,3
7927876,100,11,7
7927876,265,12,7
7928220,9,6,3
7928508,122,10,6
7929319,17,7,4
7929607,41,10,5
7929903,251,13,7
7930191,285,11,7
7930511,15,7,3
7930799,43,7,5
7930799,182,13,8
7931103,156,10,7
7931383,120,13,7
7931663,105,11,6
7931959,203,13,7
7932239,58,8,5
7932535,167,11,7
7933575,12,7,4
7935230,11,7,3
7935518,281,13,7
7937584,15,7,3
7938248,14,7,4
7939061,9,7,3
7939349,45,10,5
7939349,179,14,7
7939789,10,6,3
7940285,13,7,3
7940846,15,7,4
7941134,6,5,2
7941134,87,12,6
7941134,123,12,6
7941134,151,14,7
7941134,271,16,8
7941518,378,11,8
7941798,153,10,6
7942502,9,6,3
7942790,26,9,4
7942790,133,12,6
7943287,15,7,4
7943719,12,7,4
7943999,198,10,7
7944527,14,7,3
7944815,45,8,5
7944815,107,9,6
7944815,209,11,7
7945127,262,13,8
7945415,30,8,4
7945610,61,11,5
7946162,19,8,5
7946450,147,11,7
7946738,284,14,8
7946738,286,14,8
7947034,183,14,7
7947810,17,8,3
7948002,1,2,1
7948578,13,8,3
7949482,7,5,2
7951060,15,6,3
7951716,14,7,3
7953119,12,8,3
7953415,10,7,4
7954215,13,7,4
7954807,21,7,4
7955095,101,11,6
7955095,159,13,8
7955095,213,13,8
7955393,187,11,7
7955681,96,10,6
7955681,121,11,7
7955969,1,1,0
7955969,57,12,5
7955969,82,14,6
7955969,90,14,6
7956305,235,12,7
7956305,279,12,7
7956753,6,6,2
7957073,15,7,3
7957385,17,8,4
7957578,135,12,7
7957954,41,11,5
7958250,39,8,4
7958666,15,8,4
7958954,270,13,8
7959250,62,9,5
7959250,183,11,7
7959250,243,14,8
7959538,43,9,5
7959826,215,13,7
7959826,219,13,7
7959968,56,9,6
7959968,90,9,6
7960112,84,10,6
7960400,26,8,5
7960400,47,8,5
7960400,63,8,5
7960400,272,11,7
7960744,217,13,8
7961032,161,11,7
7961320,248,13,8
7961608,166,14,7
7961896,216,12,7
7962184,53,9,5
7962184,166,11,7
7962184,173,11,7
7962184,281,12,7
7962540,18,8,4
7962828,189,11,7
7963300,10,6,3
7963700,15,6,3
7963988,180,12,7
7963988,203,12,7
7963988,207,12,7
7964284,137,11,7
7964284,292,12,7
7964971,17,8,4
7965459,20,9,5
7965755,130,11,6
7966523,6,6,3
7966827,14,8,4
7967283,16,6,3
7967571,101,12,7
7967571,185,12,7
7967859,49,9,5
7968147,9,6,3
7968147,191,12,8
7968147,215,12,8
7968459,186,11,7
7968747,135,13,7
7969035,19,8,4
7969363,17,6,3
7970185,8,5,2
7970857,15,8,4
7972725,16,7,3
7973133,15,8,4
7973925,18,8,3
7974213,123,12,7
7974506,83,10,6
7974794,90,12,6
7976026,9,5,2
7976634,10,5,2
7981307,14,8,4
7981826,10,6,2
7982466,17,8,3
7984707,253,12,7
7985547,13,8,4
7985835,56,11,6
7985835,190,14,8
7986155,22,8,4
7986155,138,13,7
7986660,14,7,3
7986948,53,11,5
7986948,231,14,7
7987252,11,6,3
7987532,82,12,7
7987532,175,12,7
7988300,9,5,3
7988588,43,8,4
7989830,14,6,3
7990118,176,12,7
7995152,11,7,3
7995432,277,13,7
7997442,16,8,3
7998928,15,7,3
7999208,266,13,8
7999888,20,8,5
8003388,12,6,3
8006078,13,7,3
8008237,16,8,4
8012259,18,7,3
8012655,17,8,5
8012959,76,9,6
8013519,14,7,3
8013815,9,7,4
8014311,13,7,4
8015139,21,8,4
8015483,9,6,3
8016195,20,9,4
8016587,11,5,3
8016875,154,13,7
8019244,10,5,3
8019532,263,13,7
8022363,10,6,3
8022859,12,8,4
8024107,11,5,3
8024395,271,12,7
8026468,15,7,3
8029221,8,7,3
8029588,13,6,3
8030308,11,6,3
8030988,16,8,4
8032148,12,6,3
8033468,19,8,4
8033756,249,13,8
8034044,143,13,7
8035126,9,6,3
8035798,19,6,3
8036422,527,14,8
8037010,15,7,3
8037650,10,6,2
8038058,13,8,4
8039430,18,7,3
8039718,44,10,6
8040006,278,12,7
8040662,18,6,3
8040950,151,13,7
8041466,10,5,2
8041754,8,5,2
8042042,284,14,7
8042626,15,8,3
8042922,189,13,8
8042922,191,13,8
8042922,286,13,8
8043250,20,9,5
8044380,13,7,4
8044780,19,8,4
8045068,99,13,6
8045068,194,15,7
8045364,204,13,7
8046103,13,6,4
8046399,188,10,7
8046687,126,11,7
8046975,108,13,6
8046975,180,10,8
8047423,17,10,4
8047711,12,8,3
8047999,190,10,8
8047999,272,10,8
8049321,13,8,4
8049809,19,9,5
8052450,12,8,3
8053034,11,8,4
8053658,15,7,4
8054562,21,9,4
8054858,14,8,4
8055570,9,6,2
8056517,12,7,3
8056885,15,7,3
8057181,275,12,7
8057517,11,6,3
8060398,9,6,3
8060694,247,13,7
8060982,166,12,6
8061278,260,11,7
8063418,19,8,4
8063706,279,15,8
8064570,13,8,4
8064898,17,8,3
8065204,13,6,3
8065620,14,6,3
8065900,136,13,7
8067884,10,5,3
8068852,13,6,3
8069148,146,12,6
8070329,18,8,4
8070953,10,8,4
8071241,161,12,7
8071529,105,10,6
8075548,21,7,4
8079611,13,8,4
8080499,11,6,3
8080787,126,11,6
8081779,14,6,3
8082592,11,8,3
8083016,11,7,4
8084374,18,6,3
8084678,17,7,3
8085774,15,7,4
8088234,9,5,2
8090014,20,8,4
8092727,15,7,4
8095113,7,5,2
8095793,10,7,3
8096089,255,13,7
8097249,16,8,3
8099218,12,7,3
8099722,10,5,2
8100210,18,7,3
8100674,15,8,3
8100928,196,11,7
8102912,11,8,3
8104348,19,7,4
8108273,11,7,3
8108753,14,7,3
8111102,13,7,3
8111398,121,11,6
8113428,21,9,5
8114580,12,6,3
8118216,18,7,4
8121060,16,7,3
8123067,10,6,3
8125764,9,6,3
8126380,18,8,4
8126964,93,11,6
8127419,10,6,3
8127699,275,14,8
8128747,11,5,3
8129115,10,6,3
8129443,9,6,3
8130747,16,8,4
8136044,14,8,4
8137319,20,7,4
8138359,11,7,4
8139887,238,11,7
8140175,11,7,3
8140175,281,11,8
8140735,224,12,8
8141023,163,10,7
8142170,15,7,4
8142466,258,12,8
8142746,279,14,8
8143042,23,10,4
8143042,231,13,8
8143346,69,11,6
8143346,103,11,6
8143666,123,12,6
8143931,99,10,6
8145675,10,5,3
8145963,37,8,4
8146259,130,12,7
8150427,16,7,4
8150731,126,11,7
8151011,35,8,4
8151011,251,14,8
8152158,10,7,3
8152462,143,11,8
8156427,16,8,4
8157379,11,6,3
8157683,287,14,8
8158867,9,6,3
8158867,19,6,3
8159451,97,11,7
8159875,16,7,3
8160163,284,13,8
8160459,4,5,3
8160459,79,11,7
8161019,269,12,8
8164308,14,6,3
8165578,20,8,4
8165866,36,8,4
8166154,164,14,7
8166690,7,6,2
8167314,14,7,3
8167602,56,11,6
8167904,30,9,4
8167904,40,9,6
8168200,133,12,6
8169408,13,8,3
8170120,23,7,4
8170407,113,10,6
8170719,25,9,4
8171007,204,16,7
8171687,10,7,4
8171975,50,9,5
8171975,168,11,7
8174491,13,7,4
8175096,16,7,4
8175448,8,5,2
8175744,191,11,8
8177465,12,8,4
8178137,11,7,4
8180159,20,10,4
8180455,234,13,8
8180455,261,13,8
8180759,110,12,6
8181047,166,11,6
8181351,236,13,7
8184153,16,7,4
8184441,76,11,6
8184441,151,12,7
8184959,14,8,3
8186247,11,7,4
8188140,16,8,4
8188740,16,7,3
8189337,10,7,4
8189921,14,8,3
8190209,45,12,5
8190209,118,14,6
8190513,171,12,6
8190513,258,14,7
8190841,15,8,4
8191121,124,11,6
8192123,11,6,3
8192611,8,6,3
8193043,17,6,3
8194195,13,6,3
8194499,15,7,3
8195171,17,7,3
8195963,11,6,3
8197829,11,7,3
8198725,13,7,3
8200197,10,7,3
8201913,16,8,4
8202201,253,15,8
8203529,13,8,4
8204084,7,6,3
8204372,93,12,7
8204372,98,12,7
8206671,15,7,3
8207903,15,8,3
8208191,50,11,5
8208608,11,8,3
8208896,197,16,7
8209248,12,8,3
8209536,240,11,8
8210328,21,6,4
8210752,15,8,3
8211223,13,6,4
8211519,19,10,4
8211823,98,9,6
8211823,170,11,7
8212967,17,7,4
8213455,22,8,5
8214647,11,7,4
8214935,86,10,5
8215247,29,8,5
8215535,249,14,8
8215819,28,9,4
8216515,16,7,3
8218904,17,6,4
8219616,14,8,3
8220947,13,6,3
8221955,13,7,3
8223441,10,7,3
8224105,9,5,2
8224681,12,8,4
8225041,1,1,0
8225041,12,7,3
8225614,67,9,5
8225614,107,11,7
8225910,249,13,7
8226230,244,13,8
8226806,12,6,3
8228083,12,6,3
8228707,18,7,3
8228995,274,12,8
8229643,16,8,4
8229939,118,12,6
8230254,7,6,3
8230550,270,13,8
8230550,282,13,8
8231614,13,7,3
8232142,11,6,3
8232330,166,12,8
8232434,18,7,3
8232434,46,9,5
8232434,73,11,6
8232914,11,7,3
8233202,85,11,6
8233202,97,11,6
8233930,19,8,4
8234226,56,11,6
8234506,47,11,5
8235731,15,6,3
8236019,287,15,8
8237422,15,7,4
8238934,18,6,3
8240729,12,7,4
8243127,13,7,4
8243431,14,7,4
8243711,253,16,7
8243999,266,11,7
8244212,25,9,5
8244212,64,11,6
8244212,90,11,6
8244212,174,13,7
8244556,132,12,7
8245092,13,7,3
8245388,51,11,5
8245388,145,13,8
8245684,122,11,6
8245684,157,11,6
8247431,15,7,4
8250022,7,6,3
8250022,18,7,3
8250326,178,12,7
8250910,18,8,4
8251198,172,10,6
8251351,92,12,7
8251775,177,10,8
8252655,14,7,3
8253239,9,7,4
8253655,15,6,4
8254834,12,7,3
8255122,175,13,8
8255122,220,13,8
8256354,12,8,3
8256850,7,6,2
8257154,17,8,3
8257442,215,13,8
8257738,235,14,8
8258026,84,11,6
8258322,80,10,5
8258608,96,10,6
8258608,115,11,6
8258904,53,9,5
8259200,25,10,4
8259480,22,6,4
8259800,188,11,7
8259800,306,14,8
8260120,303,15,8
8260744,4,4,1
8261076,16,6,3
8261356,234,12,7
8261652,92,12,6
8261652,219,14,7
8261652,255,14,7
8261652,277,16,8
8262012,16,8,4
8262308,33,8,4
8262604,48,10,5
8262604,262,14,8
8262900,288,13,8
8263188,247,14,7
8263492,121,11,7
8264268,14,8,4
8264564,191,12,7
8264852,15,6,3
8265140,219,13,8
8266023,14,7,4
8266311,116,11,7
8266599,19,7,4
8266599,171,12,7
8266911,47,9,6
8267839,11,8,3
8268159,18,10,4
8268447,277,12,8
8268783,7,6,2
8269079,161,13,7
8269079,202,13,7
8269079,243,13,7
8269391,94,11,7
8269391,196,11,7
8269391,305,12,7
8269735,11,7,4
8270023,248,13,8
8270477,14,8,4
8270973,9,7,3
8271765,9,7,3
8272053,2,4,2
8272053,9,7,3
8272629,189,13,7
8272755,79,10,6
8273579,11,5,3
8273875,15,6,3
8274155,249,14,8
8274451,56,10,5
8274451,66,10,5
8275091,16,6,3
8275813,11,7,3
8277728,18,9,4
8278016,279,18,8
8278512,5,6,2
8278856,9,7,4
8279200,7,6,2
8279488,275,11,8
8279784,156,11,7
8279874,56,11,5
8280354,86,10,6
8280354,149,11,6
8280978,5,5,2
8281538,2,2,1
8281538,8,6,2
8282146,20,9,4
8282680,108,10,6
8282680,116,10,6
8282680,265,13,7
8282680,411,14,8
8283000,55,9,5
8283000,176,11,7
8283000,223,11,7
8283312,51,10,6
8283592,62,9,5
8283592,240,12,8
8284320,18,9,4
8284600,28,8,5
8285105,8,6,2
8285385,259,14,8
8285385,276,14,8
8285681,27,9,5
8285681,184,13,7
8285681,250,14,8
8286073,12,8,4
8286353,147,13,8
8286641,52,11,6
8286929,103,11,7
8286998,2,3,1
8287814,18,7,3
8289014,8,6,3
8290057,13,8,4
8290345,264,14,7
8291041,15,8,3
8291633,7,6,2
8291760,82,10,6
8291920,66,8,5
8292208,31,8,5
8292208,199,11,7
8293312,10,8,3
8293608,181,11,7
8293608,221,11,7
8293928,41,10,6
8294137,1,1,0
8295353,17,8,4
8296512,471,13,8
8297568,7,6,2
8297864,228,11,8
8298152,182,13,8
8299119,15,7,3
8300455,13,7,4
8301769,13,8,4
8302377,9,5,2
8302665,106,12,7
8303497,11,8,4
8305199,7,6,2
8305599,45,11,5
8306090,11,8,4
8308394,14,8,4
8310466,22,10,4
8312452,12,6,3
8313044,14,6,3
8313144,14,7,4
8313144,32,8,5
8313328,121,12,7
8313328,170,12,7
8313632,139,10,6
8314672,11,7,3
8314960,267,12,7
8315697,14,7,3
8315985,17,7,3
8317041,16,7,3
8317513,12,8,4
8318032,13,7,3
8318544,7,6,2
8318840,200,11,7
8318840,295,11,7
8320841,14,8,4
8321161,25,8,4
8321465,86,11,6
8321465,214,13,8
8322009,13,7,4
8322289,205,12,7
8322585,155,15,7
8322885,109,12,7
8325036,168,11,6
8325036,270,14,8
8325036,929,16,9
8325036,1230,17,10
8325660,521,15,8
8326052,107,10,6
8326356,115,11,7
8326356,189,11,7
8326356,233,14,8
8326652,196,14,7
8326948,26,8,4
8326948,70,10,6
8326948,207,12,7
8327364,381,13,8
8327801,14,8,4
8328081,38,9,5
8328377,265,14,8
8328865,20,9,4
8329169,51,9,5
8329681,6,6,2
8329970,91,11,6
8330338,1,2,1
8330338,14,8,3
8330954,16,8,4
8331442,17,7,3
8332913,8,6,2
8333201,100,11,6
8333201,116,11,6
8333201,182,13,8
8333617,16,7,3
8334544,16,7,3
8334840,37,9,5
8335128,114,12,6
8335416,38,8,5
8336712,50,9,5
8336916,3,3,1
8337740,18,8,4
8338468,11,6,3
8338796,11,5,3
8339092,93,11,6
8339092,267,13,8
8339092,284,13,8
8340711,17,7,4
8340991,239,16,7
8341375,17,10,4
8341889,21,10,4
8342185,217,14,8
8342185,225,14,8
8342481,2,5,2
8342481,182,12,7
8342761,104,11,6
8342761,112,12,7
8342761,179,12,7
8343057,211,14,7
8343377,5,5,2
8343657,88,10,6
8343657,162,13,7
8344153,48,10,5
8344441,8,5,2
8344441,20,8,4
8344441,198,12,7
8344745,258,14,8
8345033,235,13,8
8345321,45,11,6
8345841,17,7,3
8346427,12,8,4
8347571,15,6,3
8348531,21,9,5
8349311,17,10,4
8349647,121,11,7
8349647,131,11,7
8349647,136,11,7
8349959,71,10,5
8350351,7,6,2
8352209,8,6,2
8353249,17,8,3
8353565,206,13,7
8353853,116,10,6
8354149,44,10,6
8354853,121,12,6
8354853,270,14,7
8354853,464,16,8
8354853,633,17,9
8355261,58,10,5
8355789,7,6,3
8355948,90,10,6
8356348,189,14,7
8357052,4,3,1
8357916,9,6,3
8358244,4,3,1
8359030,2,3,1
8360430,11,6,3
8360981,9,7,3
8361261,189,13,7
8363053,6,6,3
8364263,55,10,6
8364263,279,13,8
8364263,606,14,8
8366274,4,5,2
8366562,151,12,7
8366562,273,13,8
8366562,281,13,8
8366930,4,5,2
8367218,149,12,7
8367506,184,12,8
8367843,12,7,3
8369435,120,12,6
8369435,362,14,9
8369435,593,14,9
8369435,595,14,9
8369435,776,14,9
8369731,102,11,7
8369731,139,11,7
8370464,16,8,3
8370792,144,12,7
8370792,146,12,7
8371088,194,12,8
8371384,116,10,6
8371384,254,13,8
8371720,18,7,4
8372016,57,10,6
8372016,204,12,7
8372464,9,7,3
8372765,109,12,6
8373069,48,10,5
8373637,12,7,3
8373949,105,10,6
8374469,8,7,3
8374757,105,13,7
8374757,138,13,7
8374757,169,13,7
8374979,97,10,7
8375363,260,12,7
8375659,33,8,4
8376307,6,6,3
8376307,13,6,3
8376899,45,10,5
8377645,12,6,3
8378189,19,8,4
8378477,134,13,7
8379253,12,7,3
8379549,148,11,6
8381513,14,8,4
8381809,30,9,5
8385242,18,7,4
8385866,10,5,2
8386258,13,7,3
8386570,19,8,4
8386979,15,7,3
8387275,49,10,5
8387275,131,11,7
8387955,15,6,3
8388251,191,13,8
8388251,257,13,8
8388251,289,13,8
8388547,16,7,3
8388547,208,12,8
8388547,232,12,8
8390145,8,6,2
8391489,8,6,2
8393887,17,9,4
8398166,8,6,3
8401055,15,8,3
8401372,11,6,3
8404782,12,6,3
8405078,116,12,7
8407223,12,7,4
8409603,21,9,4
8409899,115,12,6
8411434,16,8,4
8411962,9,5,2
8412266,16,8,4
8412266,43,10,6
8412570,263,13,8
8412570,298,13,8
8413928,17,7,4
8414352,17,8,5
8414720,15,8,3
8415008,184,11,7
8415304,48,9,5
8415304,231,12,7
8415723,10,5,3
8416027,48,9,5
8416027,187,13,7
8416323,153,11,7
8417555,20,9,5
8417780,146,13,7
8418396,11,6,3
8419244,10,5,3
8419548,233,14,8
8419844,105,13,6
8419844,275,16,8
8421582,14,6,3
8423331,10,6,3
8424587,12,8,4
8425514,90,11,6
8425514,130,12,6
8425514,258,14,7
8426074,18,7,4
8426434,21,10,4
8426738,76,11,6
8427042,17,8,3
8427042,31,9,4
8427042,230,13,7
8427300,142,11,6
8427628,240,14,7
8427924,62,10,5
8427924,253,12,8
8428236,70,10,5
8428236,260,14,8
8428532,10,6,3
8428532,253,15,8
8428532,282,15,8
8428532,291,15,8
8428844,267,13,7
8429140,205,12,7
8429140,209,12,7
8429428,134,12,7
8429428,225,12,7
8429428,237,12,7
8429719,81,10,5
8429719,240,13,8
8430727,7,5,2
8431015,213,12,8
8431479,13,7,4
8432306,16,7,3
8432666,14,7,4
8432962,202,11,7
8433250,57,9,6
8433250,127,12,7
8433554,120,11,6
8433554,215,13,8
8433858,164,10,7
8434154,26,8,4
8434154,79,11,6
8434154,100,11,6
8435240,79,10,6
8435624,13,7,4
8436849,19,9,5
8437145,44,10,5
8437969,14,7,3
8438265,113,12,6
8438265,152,14,7
8438265,165,14,7
8438265,216,14,7
8438577,25,8,5
8438577,137,12,6
8438577,260,13,7
8438889,88,10,6
8438889,226,13,7
8439185,260,12,8
8439984,21,7,5
8440408,16,6,4
8440728,20,6,4
8441024,21,10,4
8441024,149,9,7
8441024,182,9,7
8441424,13,7,3
8443357,20,8,4
8443653,153,15,7
8445864,20,7,4
8446152,238,13,8
8446152,283,13,8
8446582,9,6,3
8446878,208,12,8
8447254,17,6,3
8447550,113,9,6
8447846,57,9,6
8447846,158,12,7
8449076,13,6,3
8451118,13,6,3
8451558,15,7,3
8452358,17,7,3
8452726,8,6,3
8454069,10,7,3
8454365,262,14,8
8454365,287,14,8
8454677,140,13,6
8454677,247,15,7
8454677,256,15,7
8454677,290,16,8
8454997,234,13,7
8454997,263,13,7
8455773,3,5,2
8455773,20,8,4
8456072,42,10,5
8456072,169,12,8
8456384,113,9,7
8456384,232,12,8
8456872,15,7,4
8457248,13,8,3
8457544,122,11,7
8457840,223,11,7
8458136,146,11,6
8458424,142,10,6
8458424,174,10,6
8458720,145,11,7
8459016,27,8,4
8461807,23,8,5
8462255,21,7,5
8462543,108,10,7
8462543,129,10,7
8462543,192,10,7
8463389,22,8,4
8463677,36,10,5
8463677,261,12,7
8464365,15,8,4
8464661,124,13,6
8464661,271,14,7
8465301,14,7,3
8465591,94,10,6
8466015,16,9,4
8466599,19,7,4
8467559,16,7,4
8468322,9,6,2
8468626,152,13,8
8469010,15,7,3
8469306,148,12,6
8469306,159,12,6
8469594,103,13,7
8469594,223,14,7
8470253,17,8,4
8470549,259,15,7
8471309,15,8,4
8472707,13,7,3
8473051,15,7,4
8473387,18,8,4
8473763,12,7,3
8474123,12,8,4
8474555,12,8,4
8474850,224,11,7
8474850,248,13,8
8474858,5,5,2
8474858,171,12,7
8475378,15,7,3
8475730,16,7,3
8476098,20,10,4
8476394,18,8,4
8476394,286,14,8
8476922,19,8,4
8478585,16,8,4
8478873,99,12,6
8479305,7,5,2
8482421,18,7,3
8482813,13,7,3
8484815,17,8,5
8485495,10,7,4
8485935,13,7,3
8486231,79,9,5
8486599,13,7,4
8487029,19,7,3
8487317,23,10,5
8487637,205,12,7
8487637,209,12,7
8487637,218,15,8
8487637,285,15,8
8488877,20,8,4
8489194,7,5,2
8491410,18,7,3
8491694,17,7,4
8491694,39,7,4
8491990,135,12,7
8491990,243,14,8
8492342,14,6,3
8494040,16,6,4
8496740,19,7,3
8497284,10,6,3
8497748,11,6,3
8499634,15,7,3
8500394,19,8,4
8501974,15,6,3
8502782,17,9,4
8505324,12,5,3
8507496,7,5,2
8507496,13,7,4
8507856,20,8,5
8508244,12,6,3
8508852,12,6,3
8510756,10,6,3
8511052,68,10,5
8511052,160,12,7
8511052,194,12,7
8511348,226,12,7
8511708,16,7,4
8512252,12,6,3
8513051,9,6,3
8514363,17,8,4
8514659,33,8,4
8514947,102,12,6
8515633,18,8,5
8515961,21,8,4
8516417,18,10,4
8516713,202,13,7
8516713,210,13,7
8516713,231,13,7
8517185,18,10,4
8519272,20,7,4
8519776,12,8,3
8520008,205,11,7
8520432,17,8,5
8521976,17,7,4
8523058,19,8,5
8524138,17,8,4
8524434,174,13,8
8525072,18,8,5
8525368,174,11,6
8526552,10,6,4
8527008,15,8,3
8527394,15,8,3
8527698,149,12,7
8528226,11,8,3
8528562,10,6,2
8529466,18,8,4
8529549,69,11,5
8529757,142,12,7
8530189,13,6,3
8530485,91,12,6
8530781,197,12,7
8531077,129,13,6
8531373,213,13,8
8531373,232,13,8
8531917,17,8,4
8532210,212,12,7
8532874,16,8,4
8533178,33,9,5
8533178,225,14,8
8533466,250,14,8
8533770,230,14,7
8534066,113,11,6
8534357,15,7,3
8536293,14,8,3
8536589,96,13,6
8536887,17,7,4
8540993,20,10,4
8541449,13,8,4
8541745,67,11,6
8542033,44,9,5
8542329,68,11,6
8543137,426,14,9
8543137,436,14,9
8543137,535,14,9
8543561,22,8,4
8543561,34,9,4
8543870,37,11,5
8544630,18,6,3
8545006,10,6,3
8545294,29,7,4
8545294,153,14,7
8545590,23,8,5
8546479,10,7,3
8548015,11,7,3
8549537,16,8,3
8552472,15,6,4
8554054,16,7,3
8554350,228,12,7
8554638,69,10,5
8554638,135,11,6
8557195,13,8,4
8557483,149,11,6
8557483,258,14,8
8557987,17,7,3
8559072,14,8,3
8559368,10,7,4
8559368,98,12,6
8559656,113,11,6
8559656,197,13,7
8561841,1,1,0
8561841,11,7,3
8562441,10,8,4
8563716,17,7,3
8564468,19,6,3
8565324,9,5,3
8566175,20,9,4
8566463,225,12,8
8566759,212,12,7
8567479,17,7,4
8568092,9,6,3
8568388,202,12,7
8568692,161,12,7
8568996,157,10,6
8569612,12,5,3
8569908,94,11,6
8569908,120,12,6
8570387,18,6,3
8571155,19,6,3
8571451,38,9,5
8571939,22,8,4
8572227,286,11,7
8573383,13,7,4
8573671,199,11,7
8573975,187,14,7
8574271,70,10,7
8574271,223,10,7
8574567,40,9,6
8575135,12,8,3
8575135,16,9,4
8576423,23,7,4
8577601,19,10,4
8578697,14,8,4
8578993,119,11,6
8578993,252,14,8
8578993,270,14,8
8579345,284,14,9
8579649,10,8,3
8579649,35,11,5
8579649,69,11,7
8579649,125,11,7
8579953,83,10,6
8580977,11,7,3
8581273,55,10,5
8581753,18,8,4
8582573,20,8,4
8582893,22,8,4
8583189,39,10,5
8583189,262,15,7
8583493,36,10,4
8583853,14,8,4
8584149,88,13,7
8584149,136,13,7
8584454,118,13,6
8584454,182,14,7
8584966,14,6,3
8585342,12,7,3
8585734,14,6,3
8586126,13,6,3
8586846,80,8,5
8587366,50,9,6
8587662,36,8,4
8587958,282,14,8
8588254,52,8,5
8588550,146,14,7
8588846,163,11,6
8589278,14,7,3
8589582,156,13,7
8589870,274,13,7
8590166,102,12,7
8590166,146,12,7
8590478,60,10,5
8590774,11,6,3
8590774,53,8,5
8590774,117,11,6
8590774,241,13,8
8590774,278,13,8
8591110,7,6,3
8591110,11,6,3
8591110,63,11,5
8591110,107,13,6
8591110,168,14,7
8591110,315,13,9
8591414,16,6,3
8591414,34,8,5
8591414,106,11,6
8591623,5,5,2
8591623,15,7,4
8591623,76,12,6
8591623,94,12,6
8591623,167,13,7
8591623,175,13,7
8591727,40,8,5
8591727,57,9,6
8592031,278,12,8
8592327,8,7,4
8592327,239,13,8
8592327,241,13,8
8592327,249,13,8
8592327,258,13,8
8592647,30,8,4
8592647,254,13,7
8592647,311,13,9
8592647,320,13,9
8592967,168,11,7
8592967,281,12,7
8592967,300,12,7
8593287,45,10,5
8593287,93,11,6
8593287,219,12,8
8593287,236,12,8
8593399,47,9,5
8593479,7,5,2
8593479,15,7,4
8593639,15,7,4
8593639,19,7,4
8593655,13,7,4
8593919,2,4,1
8593919,16,10,4
8594779,159,12,7
8594779,183,12,7
8594779,588,15,9
8595075,22,9,4
8595139,20,9,4
8595155,14,6,3
8595259,20,8,4
8595323,22,8,4
8595395,26,9,4
8595731,54,10,5
8595731,58,10,5
8595731,79,10,5
8595731,240,13,7
8595731,298,14,9
8596227,14,7,3
8596227,16,7,3
8596227,26,9,4
8596267,8,5,3
8596504,24,6,4
8596664,10,7,4
8596664,17,7,4
8596776,9,7,4
8596840,7,5,2
8596840,17,7,4
8596896,5,6,2
8597176,7,5,2
8597200,23,8,5
8597280,2,3,1
8597280,12,8,3
8597352,6,5,2
8597472,8,6,2
8597560,18,7,4
8597712,22,8,5
8597752,15,7,4
8597976,24,6,4
8598056,12,7,4
8598192,16,7,3
8598232,16,6,4
8598640,62,9,6
8598778,19,8,4
8598778,73,12,6
8598778,112,12,6
8598778,122,12,6
8599106,44,11,5
8599106,52,11,5
8599106,101,11,7
8599106,201,12,7
8599106,224,12,7
8599202,13,8,3
8599202,17,8,3
8599338,21,8,4
8599442,13,7,3
8599562,19,8,4
8599562,34,9,4
8599874,85,11,7
8599874,96,11,7
8599874,176,11,7
8599930,18,8,4
8599978,17,8,4
8600114,11,7,3
8600410,19,7,4
8600410,99,13,7
8600410,123,13,7
8600594,14,7,3
8600730,9,5,2
8600970,17,8,4
8601262,5,5,2
8601582,29,7,4
8601582,123,12,7
8601582,133,12,7
8601942,17,6,3
8602550,15,6,3
8602654,21,8,4
8602998,23,9,5
8603310,6,5,2
8603430,8,6,3
8603557,1,1,0
8603557,13,7,3
8603613,23,8,4
8603773,7,7,3
8603773,21,9,4
8603989,9,7,3
8603989,69,10,5
8603989,125,13,7
8604149,6,7,3
8604149,41,10,5
8604349,22,9,4
8604525,13,6,3
8604885,13,7,3
8604885,33,10,5
8604885,119,12,7
8605029,29,9,4
8605125,15,8,3
8605301,11,7,3
8605301,13,7,3
8605501,24,9,4
8605501,79,10,6
8605701,17,8,3
8606119,25,7,4
8606255,9,7,3
8606399,15,8,3
8606911,24,10,4
8607287,26,8,5
8607487,26,10,4
8607487,97,14,6
8607839,6,6,2
8608055,3,4,1
8608175,7,6,2
8608677,23,9,4
8608797,17,8,4
8609669,18,8,3
8609669,20,8,3
8610005,4,4,2
8610005,16,7,3
8610429,24,9,4
8610429,30,11,5
8610429,48,11,5
8610429,102,12,6
8610629,29,10,4
8610713,1,1,0
8610713,49,10,5
8610801,12,7,3
8610801,28,9,5
8611065,13,8,4
8611065,124,13,7
8611065,146,13,7
8611321,20,8,4
8612073,19,8,4
8612233,24,8,4
8612273,14,7,3
8612473,20,8,4
8612473,80,11,6
8612929,15,8,3
8613421,11,6,3
8613421,65,11,6
8613869,158,13,7
8613869,209,13,7
8613869,213,13,7
8614205,26,9,4
8614205,278,12,7
8614461,17,9,4
8614933,21,7,3
8615053,10,6,3
8615053,47,11,5
8615053,65,11,5
8615413,25,10,5
8615413,33,10,5
8615413,103,12,6
8615413,127,14,7
8615810,12,8,3
8615810,66,12,5
8615810,132,12,8
8615810,222,12,8
8615810,242,12,8
8615810,325,12,8
8616066,16,8,3
8616066,46,12,5
8616066,89,13,6
8616202,15,8,4
8616202,40,9,4
8616202,42,9,4
8616322,16,8,3
8616650,114,11,7
8616970,25,8,4
8617026,19,10,4
8617538,16,8,3
8618011,16,7,4
8618011,22,7,4
8618091,13,8,4
8618451,14,6,3
8618843,12,7,4
8619227,7,6,3
8619563,12,8,4
8619883,16,8,4
8620471,1,2,0
8620471,114,10,6
8620895,29,9,4
8621127,13,7,4
8621695,19,10,4
8621831,10,7,4
8622519,14,7,4
8622519,22,7,4
8623280,10,7,3
8624024,12,6,4
8624392,10,7,4
8624408,16,6,4
8625008,107,9,6
8625040,6,6,2
8625488,17,8,5
8625776,224,11,7
8626072,142,11,6
8626944,13,8,3
8627457,12,8,3
8627753,25,8,4
8627753,97,11,6
8627753,193,14,7
8627857,67,10,5
8628537,10,8,4
8628537,304,13,7
8628753,4,5,2
8628969,13,8,4
8629273,69,11,5
8629745,5,5,2
8630114,13,8,3
8630114,119,12,7
8630562,18,8,3
8630666,4,5,2
8631218,3,5,2
8631218,35,8,5
8631218,73,11,6
8631634,6,5,2
8631858,16,7,3
8632320,18,10,4
8632320,33,12,5
8632840,17,7,4
8632840,80,12,6
8632840,174,14,7
8632840,309,15,8
8632984,5,5,2
8633296,10,7,3
8634040,12,7,4
8634112,8,6,2
8635057,18,8,5
8635569,13,7,3
8636073,7,5,2
8636393,15,8,4
8636561,10,7,3
8636785,7,6,2
8636785,62,10,6
8636785,66,10,6
8637428,8,6,3
8639004,188,14,7
8639004,192,14,7
8639004,281,14,7
8639004,332,15,8
8639164,12,6,3
8639164,154,10,6
8639430,12,6,3
8639998,14,7,3
8640278,13,6,3
8640278,29,9,5
8641110,13,6,3
8641653,9,7,3
8641653,108,11,6
8641685,14,7,3
8642277,116,12,7
8642469,11,7,3
8642469,40,11,6
8642757,8,7,3
8643357,7,7,3
8643357,101,12,6
8644138,13,8,4
8644514,18,8,3
8644514,113,10,6
8644514,318,13,8
8644698,134,13,7
8644698,160,13,7
8645314,10,6,2
8645314,123,10,7
8645314,131,10,7
8646314,7,5,2
8646466,16,8,3
8646674,7,6,2
8646834,14,7,3
8647498,14,8,4
8648114,10,6,2
8648282,14,7,4
8648618,11,8,4
8648618,108,11,6
8648618,138,11,6
8648778,54,10,5
8649088,15,8,3
8650304,7,6,2
8650480,10,7,3
8650480,74,10,6
8650960,8,6,2
8651265,9,6,2
8651641,8,5,2
8653009,7,6,2
8653217,7,6,2
8653217,23,9,4
8653559,12,7,4
8653711,14,7,3
8654167,16,6,4
8654167,94,12,7
8654567,9,7,4
8654567,3150,17,11
8655391,320,13,8
8655391,336,13,8
8655391,446,13,8
8655535,17,7,5
8655535,29,7,5
8656562,14,7,3
8656882,6,5,2
8657530,4,5,2
8657642,14,8,4
8658298,7,5,2
8658322,21,9,5
8658978,14,8,3
8659538,7,6,2
8660170,10,5,2
8660322,11,8,3
8660746,9,5,2
8660906,8,5,2
8661314,13,8,3
8661314,59,11,5
8661490,8,6,2
8661690,16,8,4
8662018,12,8,3
8662858,18,8,4
8663283,10,6,3
8664603,7,6,3
8665299,8,6,3
8665331,8,6,3
8666780,12,6,3
8667460,10,6,3
8668301,15,8,4
8669133,10,6,3
8669445,4,4,2
8669445,38,12,5
8669445,264,14,9
8670061,12,6,3
8670660,12,6,3
8670708,17,6,3
8672220,12,6,3
8672532,4,3,1
8672532,85,12,6
8672532,153,13,7
8672980,8,6,3
8673324,4,3,1
8673324,27,8,4
8674148,11,6,3
8674388,13,6,3
8674876,11,6,3
8675200,6,6,2
8675584,7,6,2
8675584,11,8,3
8675584,21,10,4
8676192,10,8,3
8676192,32,9,4
8676560,8,6,2
8676736,15,8,3
8677120,12,8,3
8677120,14,8,3
8677893,5,4,2
8678269,7,7,3
8678789,7,7,3
8678789,50,12,5
8681497,16,7,4
8681881,280,13,8
8681881,331,13,8
8682041,12,8,4
8682386,15,7,3
8682386,73,10,5
8682714,11,7,4
8682714,131,12,7
8683138,10,6,2
8683138,91,13,6
8683138,147,12,8
8683282,21,9,5
8683618,10,6,2
8683618,73,9,6
8683618,89,9,6
8683818,74,11,6
8683818,90,11,6
8683818,159,12,6
8684154,12,8,4
8684154,52,10,5
8684154,101,11,6
8684469,35,9,5
8684469,43,9,5
8684469,175,12,6
8684469,223,15,8
8684469,249,15,8
8684637,34,9,5
8684941,22,8,4
8684941,39,9,4
8684941,52,11,5
8684941,116,12,6
8685261,17,8,4
8685261,93,11,7
8685261,99,11,7
8685533,11,7,3
8685829,13,7,3
8686341,8,7,3
8686757,10,7,3
8687146,13,8,4
8687322,13,7,4
8687618,15,8,3
8687618,90,14,6
8687834,6,5,2
8688018,9,6,2
8688386,8,6,2
8688386,78,14,6
8688386,160,15,7
8688650,8,5,2
8688930,17,8,3
8689479,16,7,4
8690135,4,5,2
8690135,6,5,2
8690431,3,4,1
8690431,246,15,7
8691175,9,7,4
8692649,17,8,4
8693129,6,5,2
8693377,10,8,3
8696069,12,7,3
8696101,9,7,3
8697100,13,8,4
8697740,10,5,3
8697740,114,12,6
8699127,13,7,4
8700535,8,7,4
8702577,14,7,3
8702769,17,7,3
8703089,17,7,3
8703089,53,10,6
8703833,8,5,2
8703833,10,7,4
8706360,12,7,4
8706936,7,5,2
8709852,8,6,3
8710548,8,6,3
8711113,14,8,4
8711113,24,8,4
8711505,6,6,2
8711505,50,9,5
8711505,99,12,7
8711705,178,15,7
8712353,12,8,3
8712849,18,9,5
8712849,61,10,5
8712849,63,10,5
8712849,108,11,6
8713404,6,6,3
8713404,121,10,6
8713404,152,10,6
8714372,16,7,3
8714676,21,8,5
8714676,220,13,8
8714676,247,13,8
8714676,300,13,8
8715036,8,6,3
8715036,62,10,5
8716270,7,6,3
8716462,6,5,2
8716710,8,6,3
8716710,12,6,3
8717070,8,6,3
8718131,12,6,3
8718699,16,8,4
8719403,13,8,4
8719475,16,6,3
8719947,11,5,3
8721543,12,7,4
8721839,3,4,1
8722023,16,7,4
8722688,9,8,3
8722688,15,8,3
8722912,14,8,3
8722912,166,11,7
8723464,18,7,4
8724168,12,7,4
8724400,11,7,3
8724560,10,7,3
8724920,11,7,4
8725520,2,3,1
8725544,6,5,2
8726160,4,4,1
8726160,18,8,5
8727545,12,8,4
8728057,12,8,4
8728353,10,8,3
8728833,7,6,2
8729947,14,7,4
8730051,11,6,3
8730235,4673,17,11
8730235,4963,17,11
8730475,10,5,3
8730475,58,10,6
8730827,66,10,5
8732223,17,10,4
8732223,27,10,4
8732423,13,7,4
8732695,9,6,4
8733159,17,7,4
8733479,12,7,4
8733663,5,6,2
8734223,7,6,2
8734487,5,5,2
8734487,7,5,2
8735029,18,7,3
8735381,9,7,3
8735941,19,8,3
8736253,18,9,4
8737179,16,7,4
8737475,91,10,7
8738219,12,8,4
8738619,21,8,4
8739019,22,8,4
8739308,25,8,4
8739612,149,12,6
8740516,18,7,3
8741823,22,10,4
8742119,61,10,6
8742119,208,11,7
8742431,307,13,8
8743055,14,7,3
8743383,52,9,5
8743383,56,9,5
8743383,120,12,7
8743383,264,13,8
8743727,2,4,1
8743727,74,10,6
8743727,165,11,6
8743727,309,13,9
8743727,319,13,9
8744031,48,8,6
8744031,52,8,6
8744031,294,12,7
8744191,7,6,2
8744599,15,6,4
8744599,93,11,6
8744599,129,11,6
8744983,7,5,2
8744983,62,10,5
8745503,7,6,2
8745999,7,6,2
8746912,18,9,4
8747208,16,7,4
8747560,10,7,4
8748900,13,7,3
8748964,18,7,3
8749892,11,6,3
8750324,12,6,3
8750324,32,9,5
8751618,11,8,3
8752386,11,8,3
8753250,6,5,2
8754363,10,6,3
8754683,10,6,3
8755963,11,6,3
8756195,10,6,3
8756699,177,12,7
8756699,195,12,7
8756699,203,12,7
8756699,209,12,7
8756699,211,12,7
8756699,215,12,7
8757483,8,5,3
8757643,6,5,3
8758115,12,7,3
8758115,76,9,6
8758115,165,12,7
8758491,11,6,3
8759091,13,6,3
8759091,67,11,6
8759707,17,7,4
8759795,7,6,3
8760163,15,7,3
8760824,17,7,4
8761696,8,6,2
8761696,10,8,3
8761728,12,8,3
8762304,7,6,2
8762632,7,5,2
8762936,13,7,4
8762936,97,10,6
8763217,39,9,5
8763265,16,8,3
8763809,15,8,3
8764017,12,7,3
8764409,15,8,4
8764817,11,7,3
8765465,18,7,4
8765669,9,7,3
8765669,37,9,4
8766269,10,7,3
8766269,173,11,6
8767053,8,6,3
8767237,18,8,3
8767237,84,14,6
8767533,10,6,3
8768324,7,6,3
8768356,12,6,3
8768772,12,6,3
8769244,9,6,3
8769244,303,14,8
8770068,13,6,3
8770660,10,6,3
8771148,4,3,1
8771908,11,6,3
8772436,19,6,3
8772750,255,12,8
8772758,15,6,3
8773246,19,9,4
8773510,8,6,3
8773510,12,6,3
8773646,11,6,3
8774070,9,6,3
8775102,7,7,3
8776552,13,7,4
8777904,8,6,2
8777984,10,8,3
8780115,17,6,3
8780347,11,6,3
8780347,192,13,7
8780499,6,6,3
8780731,9,6,3
8780843,11,5,3
8781219,10,6,3
8781635,7,6,3
8782139,3,3,1
8782139,96,10,6
8782731,4,5,3
8782731,141,13,8
8783723,4,5,3
8783723,99,10,6
8784693,658,15,9
8785245,5,5,2
8785909,5,4,2
8786253,1,1,0
8787290,1,2,1
8787602,20,9,5
8787602,231,13,8
8787770,5,5,2
8787770,168,12,6
8788002,3,5,2
8788146,6,5,2
8788666,3,5,2
8788922,7,5,2
8788922,56,9,5
8788922,178,11,6
8789338,3,5,2
8790277,4,4,2
8790893,1,1,0
8790893,352,13,7
8795230,3,5,2
8795646,3,5,2
8795998,6,5,2
8795998,46,8,5
8795998,89,8,5
8796302,95,11,6
8796302,272,12,8
8796633,331,14,8
8796721,1,1,0
8797793,4,5,2
8797793,222,12,7
8798977,5,5,2
8800015,792,14,10
8800359,7,5,2
8800359,32,7,4
8800479,5,6,2
8800951,6,5,2
8800951,99,10,6
8801521,7,6,2
8801737,7,5,2
8801737,197,12,7
8802049,6,6,2
8802665,336,13,7
8803625,3,5,2
8804058,6,5,2
8805586,3,5,2
8805730,2,2,1
8807737,4,5,2
8807737,250,13,7
8807737,256,13,7
8810464,4,4,1
8811668,6,6,3
8811716,6,6,3
8812308,7,6,3
8812308,47,9,5
8812308,240,13,7
8812668,7,6,3
8812900,6,6,3
8812900,101,12,7
8813308,5,6,3
8813308,50,10,5
8813655,17,6,4
8813655,37,9,5
8813655,64,9,5
8813655,135,12,7
8813655,157,12,7
8813655,242,13,7
8813655,275,13,7
8813815,20,7,4
8814535,4,5,2
8814599,5,5,2
8815771,2,3,1
8816179,328,15,8
8816571,4,6,3
8816571,94,10,6
8818926,5,5,2
8819366,3,4,2
8819598,5,5,2
8819598,17,7,4
8819814,7,6,3
8820118,5,4,2
8820513,3,5,2
8821073,6,6,2
8821553,4,5,2
8821817,2,5,2
8822185,2,5,2
8822185,20,8,4
8822185,63,11,6
8823003,6,6,3
8823075,2,3,1
8823555,5,6,3
8823771,4,6,3
8823899,6,6,3
8823899,10,6,3
8824051,108,11,6
8825507,7,6,3
8825643,5,5,3
8825643,19,8,4
8825795,4,6,3
8825907,86,11,6
8826259,5,6,3
8826259,71,10,5
8826259,166,12,8
8826843,2,3,1
8827275,344,12,8
8827411,7,6,3
8827611,1,2,0
8827611,47,9,5
8827841,2,5,2
8828281,5,5,2
8828281,68,11,6
8828281,130,12,7
8828425,61,11,5
8829897,7,5,2
8830046,146,11,7
8830118,1,3,1
8830558,4,5,2
8830686,1,3,1
8831078,3,4,2
8831222,5,4,2
8832182,4,4,2
8832814,1,3,1
8833526,5,4,2
8833774,6,5,2
8834638,6,5,2
8836320,336,12,8
8836424,1,3,1
8836712,4,4,1
8836712,79,9,6
8837941,5,4,2
8839581,336,12,8
8841122,7,6,2
8842143,5,6,2
8842159,5,6,2
8842159,9,7,3
8842159,13,7,3
8842471,4,5,2
8842727,3,4,1
8842727,100,10,6
8843135,10,8,3
8843135,26,10,4
8843471,336,13,8
8843639,5,5,2
8843847,7,5,2
8843847,99,11,7
8844183,5,5,2
8844183,49,9,5
8844369,16,7,3
8844409,26,10,5
8844865,99,11,7
8845153,36,9,6
8845153,54,9,6
8845153,284,12,7
8845153,288,12,7
8845401,3,5,2
8845721,8,5,2
8845809,7,6,2
8846673,3,5,2
8847131,1,2,0
8847395,2,3,1
8847715,4,6,3
8847715,40,9,6
8848267,6,5,3
8849442,8,6,2
8850402,5,5,2
8850506,5,5,2
8851122,8,6,2
8851539,6,6,3
8851603,7,6,3
8852667,5,6,3
8852795,4,6,3
8853827,8,6,3
8853859,3,3,1
8854206,8,7,3
8854206,14,7,3
8854662,2,3,1
8855030,3,4,2
8855030,9,6,3
8855030,277,14,8
8855030,327,14,8
8855030,362,14,8
8855230,191,12,8
8855646,4,5,2
8856038,3,4,2
8857216,2,3,1
8857408,2,3,1
8857408,32,10,4
8858240,3,4,1
8858841,3,5,2
8858977,2,5,2
8859953,1,1,0
8860689,8,6,2
8860833,1,1,0
8860833,19,9,4
8860969,80,11,6
8861472,8,6,2
8861608,3,4,1
8862304,3,4,1
8862800,3,4,1
8862832,8,6,2
8863128,1,3,1
8863464,1,3,1
8863759,5,6,2
8864423,3,4,1
8864583,3,4,1
8865899,6,5,3
8866243,1,2,0
8866571,3,3,1
8866571,82,13,6
8867211,4,5,3
8867643,8,6,3
8868035,3,3,1
8868274,2,2,1
8868274,22,8,5
8868282,3,5,2
8869290,5,5,2
8869290,194,13,8
8869290,198,13,8
8869730,3,5,2
8869858,1,2,1
8869858,63,10,6
8870274,5,5,2
8870466,4,5,2
8870908,4,3,1
8871332,3,3,1
8871756,8,5,3
8871916,1,3,1
8871916,36,8,4
8872068,1,3,1
8872244,8,6,3
8872244,65,11,6
8872852,6,6,3
8873709,5,5,2
8873749,6,7,3
8874181,1,1,0
8874469,8,7,3
8874469,14,8,3
8874613,2,4,2
8874725,94,11,6
8874885,2,4,2
8875045,6,7,3
8875459,5,6,3
8875619,3,3,1
8875987,4,6,3
8876187,5,6,3
8876339,4,6,3
8877043,5,6,3
8877771,3,3,1
8878188,3,3,1
8878492,3,3,1
8878492,50,9,5
8878876,7,6,3
8878876,60,9,5
8878876,74,10,5
8879180,5,5,3
8879180,15,8,4
8879436,4,3,1
8880004,3,3,1
8881004,2,3,1
8882324,3,3,1
8883098,2,2,1
8883210,3,5,2
8883338,8,5,2
8883658,5,5,2
8884090,1,2,1
8884146,6,5,2
8884498,3,5,2
8884778,1,2,1
8884778,31,8,4
8885492,5,6,3
8885836,1,3,1
8885980,4,3,1
8886180,7,6,3
8886180,26,8,4
8886860,3,3,1
8887260,8,6,3
8887260,62,9,5
8887776,4,4,1
8888232,5,5,2
8888512,3,4,1
8888512,245,12,8
8889152,5,6,2
8889168,7,6,2
8889624,4,4,1
8889715,13,6,3
8889715,75,10,6
8889987,40,11,5
8889987,48,11,5
8889987,174,12,8
8889987,181,12,8
8889987,198,12,8
8890419,2,3,1
8890419,85,11,6
8890419,133,12,6
8890419,175,12,6
8890419,211,14,7
8890499,31,9,4
8892124,6,6,3
8893620,1,3,1
8893620,29,8,5
8893620,105,11,6
8893620,107,11,6
8893620,125,11,6
8893620,155,11,6
8893988,3,3,1
8894476,4,3,1
8897051,1,2,0
8897059,1,2,0
8898403,3,3,1
8898403,44,9,6
8899083,1,2,0
8899083,147,15,7
8899260,80,10,6
8899668,1,3,1
8899828,4,3,1
8900284,280,13,8
8901068,6,5,3
8901068,10,5,3
8901276,4,3,1
8901276,181,13,8
8901276,186,13,8
8901276,192,13,8
8901276,200,13,8
8901276,208,13,8
8901396,6,6,3
8901854,3,5,2
8902174,2,3,1
8902822,3,4,2
8903014,4,4,2
8904550,8,6,3
8905094,1,3,1
8905462,3,4,2
8909666,7,6,2
8909866,2,2,1
8911122,4,5,2
8911350,2,3,1
8911750,5,4,2
8911750,98,12,6
8912382,5,5,2
8912654,6,5,2
8913649,6,6,2
8914153,6,5,2
8914745,1,1,0
8915129,5,5,2
8915129,101,11,6
8915129,338,14,8
8915385,4,5,2
8915385,79,11,6
8915817,2,5,2
8916470,2,3,1
8918716,5,6,3
8919500,2,3,1
8919724,5,5,3
8920830,8,7,3
8920934,4,4,2
8920934,65,9,6
8921150,6,5,2
8921150,55,10,5
8921262,1,3,1
8921598,1,3,1
8921950,1,3,1
8922494,8,7,3
8922814,5,5,2
8922926,2,3,1
8922926,16,7,4
8923118,2,3,1
8923378,4,5,2
8923378,54,11,6
8923378,120,12,7
8924082,4,5,2
8924586,4,5,2
8924906,5,5,2
8925050,6,5,2
8925242,2,2,1
8925394,5,5,2
8925575,8,7,4
8926647,8,7,4
8926903,8,7,4
8927423,8,8,3
8927735,8,7,4
8927735,44,9,5
8927997,1,1,0
8927997,33,11,5
8928205,1,1,0
8928333,3,5,2
8928445,6,7,3
8929381,8,7,3
8929381,16,8,3
8929429,8,7,3
8929877,7,7,3
8930165,1,1,0
8930296,5,5,2
8930592,1,3,1
8930592,97,10,6
8930752,4,4,1
8930752,6,6,2
8930752,14,8,3
8930752,28,10,4
8930896,8,6,2
8930896,38,8,5
8931136,3,4,1
8931384,4,4,1
8931384,37,8,5
8931616,3,4,1
8931752,4,4,1
8932280,3,4,1
8932624,3,4,1
8932624,51,9,5
8932624,104,11,6
8933075,6,6,3
8933075,80,9,5
8933075,141,11,7
8933075,157,11,7
8933075,217,14,8
8933443,1,2,0
8933443,44,10,5
8933443,58,10,5
8933795,1,2,0
8934227,3,3,1
8934427,8,6,3
8937888,5,6,2
8938632,4,4,1
8938776,8,5,2
8938776,49,9,5
8938776,67,10,5
8938984,7,5,2
8939608,4,4,1
8939966,6,5,2
8939966,8,7,3
8946316,572,13,8
8946316,611,13,8
8946316,629,13,8
8946316,733,16,10
8946316,781,16,10
8946316,861,16,10
8946516,3,3,1
8946516,9,6,3
8946516,100,12,7
8946516,152,12,7
8946716,6,6,3
8946716,23,7,4
8946716,70,10,5
8946716,86,10,5
8946884,6,6,3
8946884,8,6,3
8946884,65,10,5
8947406,35,8,4
8947406,179,10,7
8947654,2,3,1
8947654,135,11,7
8947654,255,13,8
8948078,8,6,3
8948078,82,9,6
8948078,354,12,7
8948494,4,5,2
8948494,6,5,2
8948494,84,12,6
8948494,334,12,9
8948614,1,3,1
8948614,18,7,3
8948614,63,11,5
8949014,8,6,3
8949014,56,10,5
8949294,1,3,1
8949294,188,13,7
8949294,190,13,7
8949294,206,13,7
8949722,7,5,2
8949802,2,2,1
8949802,67,11,6
8950258,8,6,2
8950458,2,2,1
8950458,127,11,6
8950458,163,11,6
8950634,7,5,2
8950890,6,5,2
8950890,43,10,6
8950890,69,10,6
8950890,147,13,7
8951082,8,5,2
8951226,6,5,2
8951330,8,6,2
8951506,7,6,2
8951506,13,7,3
8951506,33,9,5
8951506,78,9,5
8951506,82,9,5
8951666,8,6,2
8951666,45,9,5
8951945,1,1,0
8951945,48,11,5
8951945,115,12,6
8951945,123,12,6
8952113,8,6,2
8952433,3,5,2
8952433,83,10,6
8952433,119,12,7
8952801,7,6,2
8952801,51,10,6
8952801,55,10,6
8952801,57,10,6
8952801,128,12,7
8952801,136,12,7
8952801,214,12,7
8953089,2,5,2
8953089,20,10,4
8953089,46,12,5
8953089,141,15,7
8953361,14,7,3
8953361,26,9,5
8953361,68,10,5
8953361,116,12,6
8953689,7,5,2
8953689,88,10,5
8953689,152,13,7
8954332,8,6,3
8954876,2,3,1
8955268,3,3,1
8955820,5,5,3
8955884,4,3,1
8956713,1,1,0
8957081,7,5,2
8957081,9,5,2
8957953,5,5,2
8958001,4,5,2
8958313,7,5,2
8958553,4,5,2
8958785,6,6,2
8959022,2,3,1
8959590,6,4,2
8959798,7,6,3
8959798,84,11,6
8959798,86,11,6
8959798,90,11,6
8959798,104,11,6
8960094,1,3,1
8960366,3,5,2
8960606,1,3,1
8960918,2,3,1
8960918,6,4,2
8961022,3,5,2
8961428,2,3,1
8961428,20,6,3
8961428,28,9,5
8961444,4,3,1
8962100,7,6,3
8962132,1,3,1
8963700,1,3,1
8964351,6,6,2
8964487,2,4,1
8965423,5,6,2
8965655,1,2,0
8965655,81,10,5
8965655,85,10,5
8966007,5,5,2
8966007,41,9,5
8966307,4,6,3
8966307,62,10,6
8968331,6,5,3
8968451,2,3,1
8968687,3,4,1
8968887,4,5,2
8969199,3,4,1
8969519,7,6,2
8969911,8,7,4
8969911,55,8,5
8970103,8,7,4
8970103,22,7,4
8970215,7,5,2
8970415,2,4,1
8970415,85,10,6
8970551,1,2,0
8971408,1,3,1
8972312,8,5,2
8973192,5,5,2
8973450,7,5,2
8974578,3,5,2
8975322,2,2,1
8975370,6,5,2
8975666,3,5,2
8975805,5,5,2
8976669,2,5,2
8977261,2,5,2
8977413,2,4,2
8977413,32,10,4
8978801,6,6,2
8979297,2,5,2
8979513,4,5,2
8980161,7,6,2
8980377,1,1,0
8980377,203,14,8
8981360,2,3,1
8981528,5,5,2
8981528,96,12,6
8981528,154,14,7
8981528,166,14,7
8981776,1,3,1
8983576,4,4,1
8984496,3,4,1
8984712,4,4,1
8985395,6,6,3
8985795,3,3,1
8985795,38,10,5
8986027,1,2,0
8986363,5,6,3
8986659,1,2,0
8987075,7,6,3
8987075,100,11,7
8987075,176,11,7
8987075,264,12,8
8987075,266,12,8
8987267,2,3,1
8987267,16,7,3
8987395,3,3,1
8987571,5,6,3
8987800,3,4,1
8987800,5,5,2
8988240,141,11,7
8988248,1,3,1
8988248,11,6,4
8988248,69,9,5
8988360,8,5,2
8988728,3,4,1
8988728,29,8,5
8988728,63,10,6
8988728,73,10,6
8988728,97,10,6
8988936,5,5,2
8988936,62,10,5
8989216,6,6,2
8989216,100,10,6
8989216,104,10,6
8989216,108,10,6
8989432,6,5,2
8989856,7,6,2
8990599,4,5,2
8990727,1,2,0
8990727,117,12,6
8990959,8,7,3
8990959,74,10,6
8990959,126,11,7
8991895,2,4,1
8992103,8,7,4
8992103,178,12,7
8992223,7,6,2
8992425,5,5,2
8992425,7,5,2
8992425,21,8,4
8992425,85,11,6
8992545,2,5,2
8994785,4,5,2
8994945,1,1,0
8994945,82,13,6
8994945,113,13,6
8995425,4,5,2
8995441,4,5,2
8995489,5,5,2
8996297,4,5,2
8996337,6,6,2
8997776,2,3,1
8998120,7,5,2
8998120,270,13,8
8998120,272,13,8
8998120,308,13,8
8998424,1,3,1
8998424,51,9,5
8998952,8,5,2
8999064,4,4,1
9000015,1,2,0
9000255,2,4,1
9000959,5,6,2
9001319,6,5,2
9001319,8,7,4
9001319,78,9,6
9001319,150,12,7
9001319,158,12,7
9001503,4,6,2
9002196,6,6,3
9002196,10,6,3
9002316,5,5,3
9002316,15,8,4
9002588,8,6,3
9002796,3,3,1
9003972,1,3,1
9004132,6,6,3
9004252,1,3,1
9004252,9,6,3
9005306,1,2,1
9005594,6,5,2
9005946,8,5,2
9008234,6,5,2
9008618,1,2,1
9009066,8,5,2
9009066,10,5,2
9009496,5,5,2
9010080,6,6,2
9010576,6,6,2
9011809,8,6,2
9011921,6,6,2
9012609,2,5,2
9012889,8,5,2
9013065,5,5,2
9013065,37,9,4
9013225,6,5,2
9013625,2,5,2
9013625,22,8,4
9014097,4,5,2
9014233,7,5,2
9014369,3,5,2
9014369,34,9,6
9015417,1,1,0
9015737,6,5,2
9015737,48,9,5
9015737,88,11,6
9015737,162,11,6
9015737,164,11,6
9016193,5,5,2
9016810,8,5,2
9017114,3,5,2
9017114,244,14,7
9017114,283,15,9
9018682,4,5,2
9018715,11,6,3
9018987,21,8,4
9018987,31,8,4
9018987,46,10,6
9018987,137,13,7
9018987,260,14,7
9019627,1,2,0
9019787,3,3,1
9020115,5,6,3
9020779,7,5,3
9021011,8,6,3
9021011,28,9,5
9021011,36,9,5
9021720,4,4,1
9022000,3,4,1
9022000,83,10,6
9022000,115,11,6
9022000,209,13,7
9022000,221,13,7
9022128,5,6,2
9022336,1,3,1
9023928,3,4,1
9024544,4,4,1
9024760,8,5,2
9024760,72,11,6
9025200,2,3,1
9025200,85,10,6
9025672,3,4,1
9026332,3,3,1
9026412,3,3,1
9026780,6,6,3
9026780,14,7,4
9027196,14,8,4
9027196,96,11,6
9027196,100,11,6
9027220,2,3,1
9027220,30,9,5
9027220,32,9,5
9027956,3,3,1
9028273,20,8,5
9029753,3,5,2
9030089,6,5,2
9030089,20,8,4
9030089,36,9,4
9030249,8,5,2
9030529,6,6,2
9030711,5,5,2
9031055,7,6,2
9031055,30,8,5
9031271,4,5,2
9031895,1,2,0
9031911,7,5,2
9032039,6,5,2
9032335,8,7,3
9032335,54,9,5
9033071,3,4,1
9033095,3,4,1
9033095,5,5,2
9033279,3,4,1
9033279,179,10,7
9033471,6,6,2
9033719,8,7,4
9034175,2,4,1
9034423,5,5,2
9034767,7,6,2
9034927,5,6,2
9034927,7,6,2
9035063,5,5,2
9035167,2,4,1
9035637,3,4,2
9035845,4,4,2
9036045,5,5,2
9036445,7,7,3
9036445,92,10,5
9036445,279,13,8
9036741,8,7,3
9037277,4,5,2
9037293,6,6,3
9040748,8,5,3
9040948,5,6,3
9042662,8,6,3
9043014,8,6,3
9043014,94,11,7
9043262,8,7,3
9045211,4,6,3
9046027,2,3,1
9047283,6,6,3
9047463,7,5,2
9047887,2,4,1
9047983,7,6,2
9048807,8,7,4
9049687,5,5,2
9049772,20,8,4
9049964,5,5,3
9051244,1,3,1
9052765,7,7,3
9053317,4,4,2
9053421,1,1,0
9053621,5,4,2
9053813,1,1,0
9053981,1,1,0
9053981,42,9,5
9054501,7,7,3
9054533,1,1,0
9055136,8,6,2
9055184,1,3,1
9056008,6,5,2
9056464,41,8,5
9056464,97,10,7
9056464,131,10,7
9056464,232,13,8
9056464,236,13,8
9056464,286,13,8
9056800,6,6,2
9056956,26,8,4
9056964,3,3,1
9057292,1,3,1
9057476,8,6,3
9057596,1,3,1
9057916,5,6,3
9058260,1,3,1
9058260,87,12,7
9058740,3,3,1
9058884,1,3,1
9059268,6,6,3
9059651,7,6,3
9059651,17,7,3
9060179,6,6,3
9060587,7,5,3
9061139,7,6,3
9061467,5,6,3
9061818,7,5,2
9062402,3,5,2
9063546,3,5,2
9064154,3,5,2
9064698,5,5,2
9065098,7,5,2
9065402,3,5,2
9065402,67,11,6
9066050,5,5,2
9066498,6,5,2
9066570,6,5,2
9066834,2,2,1
9066962,5,5,2
9067338,8,5,2
9067474,5,5,2
9067730,6,5,2
9067730,26,9,5
9067866,5,5,2
9068114,6,5,2
9068322,1,2,1
9068698,8,5,2
9068858,3,5,2
9069641,3,5,2
9069873,8,6,2
9069873,36,8,5
9069873,113,11,6
9070065,2,5,2
9070729,6,5,2
9070913,7,6,2
9071273,8,5,2
9071675,3,3,1
9071675,101,10,6
9072099,3,3,1
9072099,83,10,6
9072347,4,6,3
9072867,2,3,1
9073163,7,5,3
9073163,41,9,4
9073163,69,11,5
9073339,2,3,1
9073753,1,1,0
9074033,4,5,2
9074033,48,9,5
9074033,126,12,7
9074033,225,12,7
9074201,8,5,2
9074201,51,10,5
9074913,7,6,2
9075049,5,5,2
9075049,57,10,6
9075313,8,6,2
9075561,8,5,2
9076463,7,6,2
9076575,1,2,0
9076575,67,8,6
9076575,75,8,6
9076975,4,6,2
9077103,3,4,1
9077343,2,4,1
9077759,8,8,3
9077951,2,4,1
9078263,5,5,2
9078472,8,5,2
9078688,8,6,2
9080024,5,5,2
9080104,1,3,1
9080560,5,6,2
9080961,7,6,2
9080961,93,13,6
9081089,7,6,2
9081825,1,1,0
9082569,7,5,2
9082841,3,5,2
9082841,47,10,5
9082841,73,10,5
9082841,162,13,7
9083097,8,5,2
9083408,3,4,1
9084248,4,4,1
9084376,7,5,2
9084856,8,5,2
9085280,5,6,2
9085424,4,4,1
9085424,118,12,7
9085820,7,6,3
9086012,1,3,1
9086012,84,10,6
9087116,5,5,3
9087516,8,6,3
9087516,76,10,5
9087516,330,15,8
9087564,2,3,1
9088030,5,5,2
9088158,2,3,1
9088614,8,6,3
9088614,99,9,6
9088622,5,5,2
9089870,3,5,2
9090158,1,3,1
9090158,72,9,6
9090286,6,5,2
9090577,3,5,2
9091081,4,5,2
9091129,4,5,2
9091129,16,8,4
9091425,4,5,2
9091545,2,5,2
9092129,2,5,2
9092217,8,5,2
9093232,2,3,1
9093768,6,5,2
9094048,3,4,1
9094240,1,3,1
9094600,8,5,2
9095168,3,4,1
9095281,6,6,2
9096977,4,5,2
9097313,7,6,2
9098890,5,5,2
9099546,6,5,2
9099562,8,5,2
9100126,2,3,1
9100486,1,3,1
9100486,29,9,4
9100718,3,5,2
9102086,7,6,3
9102415,2,4,1
9103287,4,5,2
9103375,6,6,2
9103807,5,6,2
9103815,8,7,4
9103903,7,6,2
9104663,2,4,1
9105035,8,5,3
9105731,6,6,3
9106139,1,2,0
9106531,2,3,1
9107249,8,6,2
9107369,6,5,2
9108833,3,5,2
9110739,8,6,3
9111943,8,7,4
9112183,3,4,1
9112183,9,7,4
9112183,15,7,4
9112183,57,10,6
9113231,2,4,1
9113519,1,2,0
9113679,2,4,1
9113863,3,4,1
9114361,4,5,2
9114889,4,5,2
9116105,3,5,2
9116537,3,5,2
9116919,7,5,2
9117287,1,2,0
9117711,4,6,2
9117727,2,4,1
9118271,8,8,3
9118623,7,6,2
9118623,52,9,6
9118855,5,5,2
9119055,2,4,1
9119265,8,6,2
9121257,3,5,2
9121377,1,1,0
9121377,83,9,6
9121575,2,4,1
9121575,38,7,4
9121807,7,6,2
9122119,6,5,2
9122607,6,6,2
9122751,8,8,3
9123199,6,6,2
9123647,6,6,2
9123751,4,5,2
9123751,90,10,6
9124149,5,4,2
9124397,4,5,2
9124397,18,8,4
9125989,4,4,2
9125997,1,1,0
9126496,3,4,1
9126520,3,4,1
9127456,5,6,2
9128632,4,4,1
9128632,6,5,2
9128911,3,4,1
9128911,82,11,7
9129103,4,6,2
9129311,2,4,1
9129455,5,6,2
9129455,19,8,5
9129615,3,4,1
9129791,3,4,1
9129999,2,4,1
9130455,2,4,1
9130455,83,9,5
9130639,3,4,1
9130639,79,9,5
9130639,91,10,6
9131054,8,6,3
9132086,5,4,2
9132278,1,3,1
9132278,59,11,6
9133707,6,5,3
9133723,8,6,3
9134003,4,6,3
9134003,204,14,8
9134003,210,14,8
9134179,6,6,3
9134179,28,8,4
9134555,4,6,3
9134555,81,9,5
9134555,119,12,7
9134555,203,12,7
9134811,7,6,3
9134811,66,9,5
9134811,154,11,7
9134971,8,6,3
9136048,4,4,1
9136840,5,5,2
9136976,3,4,1
9138247,3,4,1
9138263,3,4,1
9138735,8,7,3
9139207,2,4,1
9140758,1,3,1
9141094,3,4,2
9141278,4,5,2
9141278,83,9,5
9141966,8,6,3
9142318,2,3,1
9142830,8,6,3
9143286,8,6,3
9143310,8,6,3
9144774,2,3,1
9145062,2,3,1
9145190,8,6,3
9145190,12,6,3
9145507,8,6,3
9145507,12,7,3
9145771,7,5,3
9145771,27,8,4
9145955,8,6,3
9146451,4,6,3
9146547,2,3,1
9146547,18,6,3
9148129,6,6,2
9148801,8,6,2
9149673,3,5,2
9150493,2,5,2
9151605,2,4,2
9151909,4,4,2
9151909,89,11,6
9153255,5,5,2
9153631,4,6,2
9154007,3,4,1
9154007,17,6,4
9154919,4,5,2
9154919,6,5,2
9155015,5,5,2
9155015,59,9,5
9155399,7,5,2
9155399,11,7,4
9155399,35,8,4
9156319,7,6,2
9156319,11,8,3
9156799,5,6,2
9157151,2,4,1
9157542,7,6,3
9157542,101,10,6
9157918,5,5,2
9158494,1,3,1
9159286,8,6,3
9159422,1,3,1
9159764,5,6,3
9160764,3,3,1
9160820,6,6,3
9161524,3,3,1
9161868,2,3,1
9162005,7,7,3
9162325,4,4,2
9162517,3,4,2
9162933,6,7,3
9162933,85,12,6
9162933,141,12,6
9162933,216,15,8
9163221,4,4,2
9163221,248,14,8
9163333,8,7,3
9164037,8,7,3
9164333,7,6,3
9164781,5,5,2
9164901,8,7,3
9165677,4,5,2
9166021,1,1,0
9166149,2,4,2
9166525,7,7,3
9166858,7,5,2
9167858,4,5,2
9168746,8,5,2
9169109,4,4,2
9171061,8,7,3
9171389,5,5,2
9172213,6,7,3
9172277,6,7,3
9172589,5,5,2
9172589,37,8,4
9173165,5,5,2
9173381,6,7,3
9173381,46,12,5
9173589,5,4,2
9173792,62,9,6
9174128,2,3,1
9174128,76,9,6
9174696,8,5,2
9175144,4,4,1
9175144,58,9,6
9175144,102,9,6
9175144,126,12,7
9175144,210,12,7
9175144,412,15,8
9175256,1,3,1
9175584,1,3,1
9175936,3,4,1
9175936,50,12,5
9176241,3,5,2
9176649,7,5,2
9176705,6,6,2
9177209,4,5,2
9177241,6,5,2
9177553,2,5,2
9177553,34,9,5
9177753,2,5,2
9179608,6,5,2
9180200,6,5,2
9180320,6,6,2
9180552,3,4,1
9180552,99,11,6
9181108,6,6,3
9181140,4,3,1
9183294,42,10,5
9183678,5,5,2
9184246,4,4,2
9184550,1,3,1
9184550,235,12,7
9184790,6,4,2
9185110,2,3,1
9185382,1,3,1
9185502,1,3,1
9185654,7,6,3
9185953,1,1,0
9185953,68,10,6
9186225,3,5,2
9186225,84,11,6
9186225,130,11,6
9186369,4,5,2
9186369,43,11,5
9186585,6,5,2
9186873,1,1,0
9186873,75,11,6
9187065,5,5,2
9187193,8,5,2
9187513,8,5,2
9187513,20,8,4
9187513,72,11,6
9187513,88,11,6
9187873,8,6,2
9188225,1,1,0
9188225,69,13,6
9188225,162,12,8
9188665,1,1,0
9188921,1,1,0
9188921,33,9,5
9188921,49,9,5
9188921,192,14,7
9189065,8,5,2
9189593,5,5,2
9189793,4,5,2
9191127,8,6,4
9191151,6,6,2
9191679,4,6,2
9192287,6,6,2
9192423,1,2,0
9192423,72,10,6
9192559,1,2,0
9192759,2,4,1
9192759,100,10,6
9193164,4,3,1
9193164,28,8,4
9193412,3,3,1
9193412,236,13,8
9193948,4,3,1
9194252,3,3,1
9194956,6,5,3
9195412,3,3,1
9197012,6,6,3
9197575,7,5,2
9198111,6,6,2
9198223,3,4,1
9198223,100,10,6
9198903,5,5,2
9199607,7,5,2
9199775,5,6,2
9199775,67,9,6
9200536,3,4,1
9200624,6,6,2
9201256,1,3,1
9201368,6,5,2
9201488,8,6,2
9201760,5,6,2
9201760,92,8,6
9202919,8,7,4
9203031,4,5,2
9203407,8,7,3
9203839,6,6,2
9204223,5,6,2
9206257,1,1,0
9206633,4,5,2
9206633,14,8,4
9206633,47,10,6
9206873,6,5,2
9207629,7,6,3
9207965,8,7,3
9208733,3,5,2
9208757,5,4,2
9209845,8,7,3
9210149,1,1,0
9210309,2,4,2
9210485,4,4,2
9210917,5,4,2
9212854,4,4,2
9213390,8,6,3
9214271,7,6,2
9214311,3,4,1
9214311,19,7,4
9214575,3,4,1
9214943,8,8,3
9215199,7,6,2
9215591,2,4,1
9216087,6,5,2
9216287,1,2,0
9216287,3,4,1
9216287,11,8,3
9216753,8,6,2
9216761,7,5,2
9217529,1,1,0
9217753,4,5,2
9217753,84,10,5
9217753,120,12,7
9217753,174,12,7
9218193,7,6,2
9218369,6,6,2
9218369,16,8,3
9218369,169,11,7
9218521,8,5,2
9218909,5,5,2
9219397,4,4,2
9219485,5,5,2
9219845,6,7,3
9220157,4,5,2
9220309,5,4,2
9220469,1,1,0
9220877,8,6,3
9221189,8,7,3
9221384,3,4,1
9221672,5,5,2
9222200,6,5,2
9222728,8,5,2
9222864,5,6,2
9222864,47,8,5
9222864,67,8,5
9223496,3,4,1
9224003,1,2,0
9224019,1,2,0
9224387,3,3,1
9224587,4,5,3
9224587,27,8,4
9224699,8,6,3
9226143,2,4,1
9227079,8,7,4
9227503,6,6,2
9228199,3,4,1
9228737,1,1,0
9229049,7,5,2
9229465,1,1,0
9230145,5,5,2
9231088,4,4,1
9231832,3,4,1
9231848,5,5,2
9231936,4,4,1
9231936,6,6,2
9231936,22,10,4
9231936,83,10,7
9232280,4,4,1
9232280,66,10,5
9232280,216,13,8
9232608,8,6,2
9232736,4,4,1
9232856,4,4,1
9232856,6,5,2
9233567,7,6,2
9234263,5,5,2
9234543,7,6,2
9234543,46,8,5
9234543,213,11,7
9234543,265,12,7
9235311,2,4,1
9236118,8,6,3
9237006,6,5,2
9237382,4,4,2
9238328,7,5,2
9238736,4,4,1
9238736,8,6,2
9238960,5,6,2
9238960,41,7,5
9239512,4,4,1
9241140,15,6,3
9241196,11,5,3
9241596,9,6,3
9242252,16,8,4
9243583,5,6,2
9243583,9,8,3
9243775,14,8,3
9243775,30,10,4
9243775,190,11,8
9243999,12,8,3
9244263,7,5,2
9244263,37,7,4
9244735,12,8,3
9244735,86,10,7
9244927,9,8,3
9245290,8,5,2
9245578,6,5,2
9245578,49,11,5
9246634,12,8,4
9247608,15,7,4
9247784,16,7,4
9247784,26,7,4
9248224,6,6,2
9248224,160,11,7
9248560,9,7,3
9249096,9,7,4
9249392,3,4,1
9249392,24,8,5
9251194,8,5,2
9252142,5,5,2
9253174,9,6,3
9253566,12,7,3
9254262,15,6,3
9256094,14,7,3
9256094,427,13,8
9256566,14,6,3
9256867,30,8,4
9256867,49,10,6
9257227,13,8,4
9257227,151,14,7
9257227,243,14,7
9257227,264,14,7
9257587,14,6,3
9257587,264,13,7
9259542,8,6,3
9259630,11,6,3
9260118,12,6,3
9260446,21,8,4
9260446,114,10,6
9260446,152,10,6
9260590,59,10,6
9260750,6,5,2
9260750,10,6,3
9261174,12,6,3
9261770,14,8,4
9261770,101,11,7
9262274,51,11,5
9262274,116,10,7
9262274,152,10,7
9262274,156,10,7
9262274,296,13,8
9262810,11,7,4
9262810,31,10,5
9263082,13,8,4
9263410,11,7,3
9263410,15,7,3
9263762,11,7,3
9264103,9,7,4
9264247,12,7,4
9264615,6,5,2
9265055,4,6,2
9265647,17,8,5
9265719,8,7,4
9266539,10,5,3
9266595,6,6,3
9267859,10,6,3
9270700,9,5,3
9270868,12,6,3
9272262,8,6,3
9272542,14,7,3
9273150,10,7,3
9274315,5,5,3
9274387,15,6,3
9274827,10,5,3
9275411,14,6,3
9275855,16,8,5
9276015,11,7,3
9276495,8,7,3
9276887,12,6,4
9277111,13,7,4
9277607,18,7,4
9277607,66,10,6
9278119,9,7,4
9278119,138,10,6
9278498,8,6,2
9278498,91,10,6
9279018,11,8,4
9280722,6,5,2
9281650,13,7,3
9281874,10,6,2
9283329,7,6,2
9283361,15,8,3
9284033,6,6,2
9284537,9,5,2
9285538,14,8,3
9285970,3,5,2
9286250,7,5,2
9286554,1,2,1
9286554,74,11,5
9286554,128,12,6
9286554,144,12,6
9287234,11,8,3
9287652,251,14,8
9287652,253,14,8
9287748,19,7,3
9288636,6,6,3
9288764,5,6,3
9289204,3,3,1
9289212,3,3,1
9290841,3,5,2
9291049,7,5,2
9293339,3,3,1
9293443,4,6,3
9295935,8,8,3
9296567,2,4,1
9296575,3,4,1
9296983,6,5,2
9297608,5,5,2
9298400,7,6,2
9298496,5,6,2
9299600,6,6,2
9299768,4,4,1
9300136,1,3,1
9300968,2,3,1
9301336,6,5,2
9301608,1,3,1
9301720,7,5,2
9302102,8,6,3
9302302,5,5,2
9302518,1,3,1
9303102,7,7,3
9303414,3,4,2
9304014,6,5,2
9304022,1,3,1
9304510,3,5,2
9305246,4,5,2
9306326,2,3,1
9307265,7,6,2
9307449,1,1,0
9307641,5,5,2
9308017,5,5,2
9309136,5,6,2
9309264,1,3,1
9311360,6,6,2
9311860,1,3,1
9312812,7,5,3
9313556,2,3,1
9313914,3,5,2
9315946,1,2,1
9316475,8,6,3
9317827,3,3,1
9319190,6,4,2
9321188,8,6,3
9321436,4,3,1
9321604,5,6,3
9322204,6,6,3
9322388,6,6,3
9322388,71,10,5
9323838,3,5,2
9324974,2,3,1
9325859,5,6,3
9325987,8,6,3
9326395,7,6,3
9326795,1,2,0
9327963,6,6,3
9328666,4,5,2
9328954,2,2,1
9329090,2,2,1
9329498,4,5,2
9330330,3,5,2
9330468,7,6,3
9330780,4,3,1
9330780,31,9,5
9330780,82,9,5
9330780,104,12,7
9331676,1,3,1
9332060,3,3,1
9332420,1,3,1
9333883,5,6,3
9333883,50,10,5
9334531,5,6,3
9335075,1,2,0
9335233,5,5,2
9335593,2,5,2
9336073,8,5,2
9336753,7,6,2
9336761,5,5,2
9338160,3,4,1
9338480,7,6,2
9339472,7,6,2
9341145,8,5,2
9341489,6,6,2
9341537,5,5,2
9343029,5,4,2
9343245,7,6,3
9343245,63,11,5
9343509,3,4,2
9343821,2,5,2
9344325,6,7,3
9344325,201,12,7
9344325,206,12,7
9344325,271,12,7
9344325,301,12,7
9344557,3,5,2
9344557,178,14,7
9344869,6,7,3
9344869,99,10,6
9344869,167,13,7
9344869,172,13,7
9345621,1,1,0
9346109,8,7,3
9346261,3,4,2
9346917,3,4,2
9347161,4,5,2
9347161,99,13,7
9347457,4,5,2
9347457,77,13,6
9347649,4,5,2
9347977,6,5,2
9348601,4,5,2
9348641,1,1,0
9349049,5,5,2
9349057,5,5,2
9349804,1,3,1
9349804,7,5,3
9350172,4,3,1
9350380,8,5,3
9350380,200,12,7
9350380,208,12,7
9350572,6,5,3
9351084,2,3,1
9351564,1,3,1
9352036,5,6,3
9352204,6,5,3
9352204,139,13,6
9352324,8,6,3
9352644,4,3,1
9352644,72,11,7
9353236,7,6,3
9353348,5,6,3
9353492,5,6,3
9353804,1,3,1
9354044,6,6,3
9354443,7,5,3
9354507,1,2,0
9354915,6,6,3
9354947,4,6,3
9355635,6,6,3
9356459,6,5,3
9357582,4,5,2
9357806,8,6,3
9357806,26,7,4
9358334,6,5,2
9358654,4,5,2
9358654,290,11,7
9358654,298,11,7
9358989,7,6,3
9359405,7,6,3
9359885,8,6,3
9360261,5,4,2
9360365,1,1,0
9360365,13,6,3
9361729,2,5,2
9362001,4,5,2
9362001,81,9,5
9362585,8,5,2
9362769,7,6,2
9362769,100,12,7
9362937,3,5,2
9363641,19,8,4
9364001,6,6,2
9364193,3,5,2
9364321,6,6,2
9364321,29,9,4
9364441,6,5,2
9364609,2,5,2
9366200,5,5,2
9366384,8,6,2
9366856,3,4,1
9367256,8,5,2
9368976,2,3,1
9369328,8,6,2
9369728,2,3,1
9370104,1,3,1
9370520,1,3,1
9370752,1,3,1
9372182,5,4,2
9373185,6,6,2
9373201,7,6,2
9373201,9,6,2
9373201,14,7,3
9373977,1,1,0
9374817,2,5,2
9375313,2,5,2
9376442,7,5,2
9377066,1,2,1
9377194,6,5,2
9377386,8,5,2
9378884,4,3,1
9379396,4,3,1
9379508,5,6,3
9381058,5,5,2
9381986,6,5,2
9383713,1,1,0
9383961,8,5,2
9383961,41,10,5
9384865,3,5,2
9385130,7,5,2
9385130,45,11,6
9385570,8,6,2
9386170,1,2,1
9386938,4,5,2
9387162,4,5,2
9387162,74,11,5
9387725,7,6,3
9387725,290,14,8
9388125,8,7,3
9388301,2,5,2
9388717,1,1,0
9388717,107,11,6
9388765,1,1,0
9389493,8,7,3
9389946,2,2,1
9390114,1,2,1
9390626,4,5,2
9391218,1,2,1
9394066,1,2,1
9394242,8,6,2
9394466,8,6,2
9394708,1,3,1
9396364,4,3,1
9396412,6,6,3
9396836,5,6,3
9396927,8,8,3
9399630,4,5,2
9401014,5,4,2
9401158,1,3,1
9401735,1,2,0
9402015,4,6,2
9402319,6,6,2
9402319,8,7,3
9402319,62,8,5
9402343,4,5,2
9402791,4,5,2
9403287,5,5,2
9403327,3,4,1
9404330,4,5,2
9404522,1,2,1
9404522,183,13,7
9404658,6,5,2
9404762,8,5,2
9404938,8,5,2
9405058,8,6,2
9405210,3,5,2
9406489,6,5,2
9409039,1,2,0
9410719,7,6,2
9411087,2,4,1
9412424,3,4,1
9413464,7,5,2
9413609,3,5,2
9413913,6,5,2
9413961,1,1,0
9415353,3,5,2
9416145,2,5,2
9416193,8,6,2
9416937,7,5,2
9417081,5,5,2
9417081,39,10,5
9417081,55,10,5
9417081,59,11,6
9417313,66,9,6
9417313,159,12,7
9417313,194,12,7
9417633,7,6,2
9417633,82,10,6
9417881,4,5,2
9417881,199,14,8
9418366,8,7,3
9418750,6,5,2
9419142,5,4,2
9420430,1,3,1
9420430,29,7,4
9421811,5,6,3
9421939,4,6,3
9421939,22,9,5
9421939,79,10,6
9422147,3,3,1
9422547,2,3,1
9423154,8,6,2
9424154,8,5,2
9425571,2,3,1
9425763,2,3,1
9426779,3,3,1
9427861,1,1,0
9428037,6,7,3
9428781,6,6,3
9428797,6,7,3
9428997,7,7,3
9428997,125,14,6
9429221,1,1,0
9429709,7,6,3
9429773,2,5,2
9429773,55,11,5
9430738,7,6,2
9430826,2,2,1
9430826,77,11,6
9431442,5,5,2
9431722,5,5,2
9431722,91,11,6
9432732,8,6,3
9432860,5,6,3
9433204,5,6,3
9433468,4,3,1
9433468,88,11,6
9433468,107,11,6
9433884,4,3,1
9437325,5,5,2
9437750,1,3,1
9438638,6,5,2
9439030,7,6,3
9439390,3,5,2
9439726,3,5,2
9440142,8,6,3
9440398,1,3,1
9440734,2,3,1
9441078,5,4,2
9441246,6,5,2
9441246,10,7,3
9441438,4,5,2
9441766,4,4,2
9441766,6,4,2
9441766,100,10,6
9442755,7,6,3
9443083,1,2,0
9443083,251,14,7
9443291,8,6,3
9443291,56,9,5
9443291,147,12,7
9444147,3,3,1
9444529,5,5,2
9444881,6,6,2
9444881,268,14,7
9444881,318,15,8
9444881,328,15,8
9445177,7,5,2
9445177,54,9,5
9445177,147,12,6
9445361,4,5,2
9445361,80,11,6
9445361,150,13,7
9445761,8,6,2
9446057,5,5,2
9446057,214,14,8
9446057,273,14,8
9446193,1,1,0
9446489,8,5,2
9446681,6,5,2
9446681,113,13,6
9447420,2,3,1
9447900,7,6,3
9447900,9,6,3
9448148,4,3,1
9448724,2,3,1
9448916,2,3,1
9448916,4,3,1
9450256,8,6,2
9450456,5,5,2
9450456,189,12,7
9450824,2,3,1
9451440,2,3,1
9452338,2,2,1
9453242,5,5,2
9453802,6,5,2
9454165,1,1,0
9454485,2,4,2
9454485,86,12,6
9454485,273,14,8
9454597,4,4,2
9455445,5,4,2
9455533,1,1,0
9455533,35,8,4
9456157,8,7,3
9456347,32,9,5
9456347,166,11,7
9456355,8,6,3
9456491,5,5,3
9457491,7,6,3
9458619,3,3,1
9459351,4,5,2
9459623,4,5,2
9459623,78,10,6
9459623,143,10,6
9459623,151,10,6
9460263,8,7,4
9460575,3,4,1
9460575,33,8,6
9460575,58,8,6
9460575,92,8,6
9460839,1,2,0
9460839,92,9,6
9460839,248,13,7
9460839,250,13,7
9461149,3,5,2
9461461,2,4,2
9461461,35,10,5
9461565,5,5,2
9461565,68,10,6
9461565,82,10,6
9461701,38,11,5
9462085,1,1,0
9462501,5,4,2
9462845,4,5,2
9463181,7,6,3
9463197,6,7,3
9463815,6,5,2
9464311,8,7,4
9464903,4,5,2
9467366,2,3,1
9467558,7,6,3
9467694,6,5,2
9468038,8,6,3
9468431,1,2,0
9469111,5,5,2
9469231,7,6,2
9470287,4,6,2
9470642,3,5,2
9471066,2,2,1
9471482,4,5,2
9472218,8,5,2
9472306,2,2,1
9472306,44,8,5
9472874,3,5,2
9473116,1,3,1
9473852,5,6,3
9473956,8,6,3
9474732,7,5,3
9474852,3,3,1
9474852,19,7,3
9474852,41,10,6
9475360,6,6,2
9475704,6,5,2
9475880,4,4,1
9476312,4,4,1
9476432,8,6,2
9476432,75,8,5
9476432,80,8,5
9476752,7,6,2
9476824,7,5,2
9477000,6,5,2
9477000,36,8,4
9477120,2,3,1
9478139,5,6,3
9478347,7,5,3
9478763,3,3,1
9479491,2,3,1
9480692,3,3,1
9481380,5,6,3
9481812,4,3,1
9481884,7,6,3
9482609,1,1,0
9482897,4,5,2
9483033,3,5,2
9483953,6,6,2
9485756,7,6,3
9486308,1,3,1
9486380,5,5,3
9486956,4,3,1
9487318,7,6,3
9487510,2,3,1
9487510,48,9,5
9487702,1,3,1
9487926,6,4,2
9487926,49,8,5
9487926,122,12,6
9488086,8,6,3
9488254,2,3,1
9488950,4,4,2
9489350,7,6,3
9489606,2,3,1
9490069,8,7,3
9490237,7,7,3
9491381,8,7,3
9494381,4,5,2
9494514,6,5,2
9495506,2,2,1
9495506,6,5,2
9495594,5,5,2
9496066,5,5,2
9496989,5,5,2
9497357,1,1,0
9497357,75,11,5
9497357,136,13,6
9497829,1,1,0
9498405,4,4,2
9499252,1,3,1
9500836,3,3,1
9503100,6,6,3
9503564,5,5,3
9504476,6,6,3
9504812,5,5,3
9505044,3,3,1
9505044,99,12,6
9505972,2,3,1
9506348,2,3,1
9506348,104,11,6
9506657,5,5,2
9506657,41,9,6
9511524,3,3,1
9511876,4,3,1
9511900,2,3,1
9512676,7,6,3
9513484,1,3,1
9516231,2,4,1
9516439,6,5,2
9516439,181,12,8
9516439,190,12,8
9516439,202,12,8
9516543,6,6,2
9516679,5,5,2
9516927,5,6,2
9516927,69,13,6
9517175,3,4,1
9517511,3,4,1
9517935,1,2,0
9518143,4,6,2
9519632,8,6,2
9520160,5,6,2
9520704,7,6,2
9521942,3,4,2
9521950,5,5,2
9522214,1,3,1
9522678,7,6,3
9523928,6,5,2
9525048,1,3,1
9527215,2,4,1
9527247,6,6,2
9528064,5,6,2
9529160,2,3,1
9529712,5,6,2
9529848,8,5,2
9529848,20,7,4
9530040,4,4,1
9530256,2,3,1
9530256,86,10,6
9530956,5,5,3
9531740,2,3,1
9532028,7,6,3
9532276,5,6,3
9532572,6,6,3
9534497,2,5,2
9534769,3,5,2
9535079,5,5,2
9536639,8,8,3
9536719,6,6,2
9536719,34,8,5
9537359,7,6,2
9539140,4,3,1
9539196,2,3,1
9540212,7,6,3
9540788,7,6,3
9542243,7,6,3
9543323,1,2,0
9543363,5,6,3
9544139,3,3,1
9544811,1,2,0
9545307,2,3,1
9545651,7,6,3
9546299,7,6,3
9546571,1,2,0
9546571,11,5,3
9547230,2,3,1
9547326,4,5,2
9547614,4,5,2
9547846,6,4,2
9547846,38,9,4
9548054,7,6,3
9548054,82,10,5
9548054,88,12,6
9548214,4,4,2
9548910,3,5,2
9549406,3,5,2
9550262,5,4,2
9550982,3,4,2
9551102,2,3,1
9551102,71,13,6
9551102,115,13,6
9551582,4,5,2
9552189,2,5,2
9553461,1,1,0
9553493,1,1,0
9554021,2,4,2
9554964,6,6,3
9555732,3,3,1
9556831,6,6,2
9556839,1,2,0
9557399,8,6,4
9557599,2,4,1
9557751,5,5,2
9558207,6,6,2
9558807,88,12,6
9558807,284,13,9
9558807,334,13,9
9558947,23,8,4
9558947,146,10,6
9558947,170,13,8
9559419,1,2,0
9560099,4,6,3
9560947,1,2,0
9561596,1,3,1
9561756,4,3,1
9563508,4,3,1
9565299,6,6,3
9565523,1,2,0
9566195,8,6,3
9566931,1,2,0
9568035,7,6,3
9568467,4,6,3
9569002,8,5,2
9569106,8,6,2
9569106,34,9,5
9569106,52,9,5
9569802,8,5,2
9570154,1,2,1
9570154,85,10,6
9570434,2,2,1
9571049,7,5,2
9571465,7,5,2
9571529,5,5,2
9571881,1,1,0
9572225,7,6,2
9572225,74,13,6
9572225,184,12,8
9572601,230,13,7
9572601,286,13,8
9573025,8,6,2
9574097,6,6,2
9574753,8,6,2
9575497,1,1,0
9575983,5,6,2
9576423,5,5,2
9576559,1,2,0
9576951,8,7,4
9577111,2,4,1
9577223,6,5,2
9577519,3,4,1
9577519,95,10,6
9579372,1,3,1
9579484,5,6,3
9580252,6,6,3
9580460,28,8,4
9580460,78,11,6
9580652,5,5,3
9580796,6,6,3
9581588,4,3,1
9582092,3,3,1
9582260,2,3,1
9582604,69,11,5
9582612,3,3,1
9582612,15,6,3
9582612,31,9,5
9584083,3,3,1
9584323,6,6,3
9584459,3,3,1
9585115,8,6,3
9585367,5,5,2
9585943,5,5,2
9586055,1,2,0
9586055,29,8,4
9586055,59,10,5
9586983,7,5,2
9587383,5,5,2
9587575,8,7,4
9587575,137,11,7
9587575,153,11,7
9588109,5,5,2
9588229,6,7,3
9588229,22,10,4
9588229,36,10,4
9588229,44,12,5
9588461,46,11,6
9588461,170,12,7
9588701,3,5,2
9588869,5,4,2
9589341,3,5,2
9589461,5,4,2
9591585,4,5,2
9594760,7,5,2
9596120,2,3,1
9597072,7,6,2
9597336,2,3,1
9597880,2,3,1
9599208,5,5,2
9599416,8,5,2
9599416,88,10,6
9601028,7,6,3
9601180,5,6,3
9601180,17,7,4
9602121,2,5,2
9603489,8,6,2
9604677,2,4,2
9605885,5,5,2
9605885,7,7,3
9606205,2,5,2
9611536,2,3,1
9611544,6,5,2
9611856,6,6,2
9612840,1,3,1
9614201,3,5,2
9614361,3,5,2
9614713,2,5,2
9616247,1,2,0
9616279,6,5,2
9616591,6,6,2
9616687,7,6,2
9616687,56,10,6
9617063,1,2,0
9617751,7,5,2
9618087,6,5,2
9618143,3,4,1
9618765,2,5,2
9619533,1,1,0
9620173,5,5,2
9620173,13,6,3
9620461,5,5,2
9620781,1,1,0
9621335,3,4,1
9621607,6,5,2
9621607,257,13,7
9621607,259,13,7
9622055,8,7,4
9622327,5,5,2
9622327,180,11,6
9624069,6,7,3
9625053,6,7,3
9625213,4,5,2
9625389,2,5,2
9625389,46,11,6
9627184,4,4,1
9627456,8,6,2
9628349,5,5,2
9628541,2,5,2
9629093,1,1,0
9629509,4,4,2
9629925,4,4,2
9630333,6,7,3
9630564,4,3,1
9630564,52,9,6
9630564,103,12,7
9630564,111,12,7
9630564,115,12,7
9630932,2,3,1
9630932,90,11,7
9631756,7,5,3
9632228,2,3,1
9632500,8,6,3
9632500,264,13,8
9632500,270,13,8
9632818,73,11,6
9632842,4,5,2
9633090,1,2,1
9633090,5,5,2
9633090,242,11,7
9633466,3,5,2
9633842,3,5,2
9634050,2,2,1
9635605,7,7,3
9636781,3,5,2
9639551,3,4,1
9639599,1,2,0
9640216,1,3,1
9640696,4,4,1
9641264,7,6,2
9641312,7,6,2
9641312,33,8,6
9642454,3,4,2
9642630,2,3,1
9642958,1,3,1
9643158,4,4,2
9643158,12,6,3
9643158,42,9,5
9644550,6,4,2
9644899,1,2,0
9645075,4,6,3
9645075,6,6,3
9645075,52,10,5
9645075,113,12,6
9645347,1,2,0
9645995,4,5,3
9646099,1,2,0
9646787,3,3,1
9647309,6,6,3
9647765,6,7,3
9648245,2,4,2
9648701,4,5,2
9649389,6,6,3
9649960,4,4,1
9650464,2,3,1
9650752,7,6,2
9652098,1,2,1
9652546,2,2,1
9653130,4,5,2
9653346,1,2,1
9655343,4,6,2
9655551,5,6,2
9655551,116,14,6
9656439,6,5,2
9656661,8,7,3
9657445,5,4,2
9657629,3,5,2
9658717,7,7,3
9660103,6,5,2
9660639,5,6,2
9665300,7,6,3
9665540,1,3,1
9666387,5,6,3
9666619,3,3,1
9668059,7,6,3
9668123,7,6,3
9668435,5,6,3
9668517,58,11,6
9668629,2,4,2
9668997,7,7,3
9669333,1,1,0
9669333,51,10,5
9669373,7,7,3
9671520,6,6,2
9672304,6,6,2
9672400,7,6,2
9672400,13,7,3
9673350,4,4,2
9675118,6,5,2
9676271,1,2,0
9676863,5,6,2
9677815,3,4,1
9677895,7,5,2
9677895,47,9,5
9679528,247,13,8
9679528,1124,16,10
9679528,1128,16,10
9679648,4,4,1
9679800,7,5,2
9679800,11,7,4
9679800,13,7,4
9679800,48,8,5
9680008,6,5,2
9680008,93,11,6
9680136,7,5,2
9680737,5,5,2
9680921,5,5,2
9682041,3,5,2
9682930,1,2,1
9683474,8,6,2
9683650,8,6,2
9683650,130,10,7
9684114,6,5,2
9684562,3,5,2
9684786,6,5,2
9684786,20,8,5
9684786,29,8,5
9684786,130,12,6
9684786,132,12,6
9685010,18,7,3
9685217,9,6,2
9685217,30,9,4
9685289,4,5,2
9685289,58,11,6
9685289,62,11,6
9685553,3,5,2
9685553,106,11,6
9685777,1,1,0
9686481,7,6,2
9686641,2,5,2
9686761,6,5,2
9687225,7,5,2
9687241,3,5,2
9687241,13,8,4
9687948,3,3,1
9687980,3,3,1
9688300,4,3,1
9688548,3,3,1
9688548,232,13,8
9688700,2,3,1
9689324,6,5,3
9689516,2,3,1
9689692,5,6,3
9689812,8,6,3
9690626,3,5,2
9690946,1,2,1
9690946,25,10,4
9690946,96,11,7
9690978,7,6,2
9690978,29,9,4
9691482,2,2,1
9692106,8,5,2
9694070,1,3,1
9696828,2,3,1
9697599,5,6,2
9697775,8,7,3
9697991,4,5,2
9698183,7,5,2
9698183,41,10,5
9698527,4,6,2
9698527,65,9,6
9698823,2,4,1
9700648,8,5,2
9700976,6,6,2
9700976,238,11,7
9701184,7,6,2
9701288,6,5,2
9701520,1,3,1
9701520,13,7,3
9701520,21,8,5
9701520,23,8,5
9701616,7,6,2
9702545,1,1,0
9703321,7,5,2
9706427,6,6,3
9706451,3,3,1
9706863,1,2,0
9707095,1,2,0
9707359,7,6,2
9707583,3,4,1
9707583,55,11,5
9707767,2,4,1
9707767,28,9,5
9710079,2,4,1
9710479,4,6,2
9711047,4,5,2
9711698,2,2,1
9712114,5,5,2
9712562,4,5,2
9712866,7,6,2
9712898,7,6,2
9713218,5,5,2
9713218,11,8,3
9713770,2,2,1
9713932,7,5,3
9713932,107,13,6
9715316,7,6,3
9715428,7,6,3
9715692,4,3,1
9716004,8,6,3
9716238,8,6,3
9716238,16,7,4
9716670,6,5,2
9717038,5,5,2
9717238,4,4,2
9717742,8,6,3
9718910,6,5,2
9718926,8,6,3
9719702,3,4,2
9720478,8,7,3
9720478,10,7,3
9720478,18,8,4
9720686,1,3,1
9720686,208,12,7
9721480,8,5,2
9721592,5,5,2
9722488,2,3,1
9723384,6,5,2
9723472,7,6,2
9723832,2,3,1
9724312,7,5,2
9724424,3,4,1
9724584,3,4,1
9724984,6,5,2
9726212,3,3,1
9726300,5,6,3
9726820,2,3,1
9726892,6,5,3
9727612,5,6,3
9727972,4,3,1
9727972,99,10,6
9729382,7,6,3
9729942,3,4,2
9730238,7,7,3
9730768,8,6,2
9732224,2,3,1
9732472,6,5,2
9732472,62,10,6
9733162,7,5,2
9733170,7,6,2
9733322,6,5,2
9733890,8,6,2
9733890,14,8,3
9734194,2,2,1
9734250,8,5,2
9735186,6,5,2
9735226,4,5,2
9736091,3,3,1
9737547,7,5,3
9737796,3,3,1
9739148,1,3,1
9739628,2,3,1
9739980,2,3,1
9740346,8,5,2
9740346,13,8,4
9741066,1,2,1
9741138,7,6,2
9741138,64,9,5
9741138,69,9,5
9742784,7,6,2
9742960,5,6,2
9742960,120,11,7
9743352,6,5,2
9743352,10,7,4
9743552,8,6,2
9743656,7,5,2
9744424,6,5,2
9744464,6,6,2
9745252,7,6,3
9745516,1,3,1
9745516,7,5,3
9745516,249,14,7
9746116,8,6,3
9746180,6,6,3
9747012,8,6,3
9747076,4,3,1
9747986,8,6,2
9748298,1,2,1
9748762,5,5,2
9749937,2,5,2
9749985,3,5,2
9750281,7,5,2
9750281,9,5,2
9754105,2,5,2
9754177,4,5,2
9754909,4,5,2
9754909,8,7,3
9755117,2,5,2
9755285,4,4,2
9755461,3,4,2
9755693,2,5,2
9756021,6,7,3
9756533,8,7,3
9756794,3,5,2
9757714,7,6,2
9757930,8,5,2
9757930,37,8,4
9758514,2,2,1
9758578,4,5,2
9758578,58,10,6
9759090,1,2,1
9759429,7,7,3
9759517,1,1,0
9759965,6,7,3
9760557,1,1,0
9761165,6,6,3
9761495,3,4,1
9761671,7,5,2
9761815,8,6,4
9761967,3,4,1
9762495,2,4,1
9762791,3,4,1
9763487,2,4,1
9763503,8,7,3
9765792,1,3,1
9766000,6,6,2
9766669,7,6,3
9766949,2,4,2
9767405,6,6,3
9768173,6,6,3
9768173,10,6,3
9768381,7,7,3
9768381,53,10,5
9768381,153,10,6
9768557,6,6,3
9770322,3,5,2
9770626,7,6,2
9770626,41,12,5
9770922,4,5,2
9773625,1,1,0
9774329,1,1,0
9774641,4,5,2
9774641,58,11,6
9774881,6,6,2
9775641,6,5,2
9776052,3,3,1
9776396,1,3,1
9776716,2,3,1
9777092,2,3,1
9777260,2,3,1
9778461,2,5,2
9780173,2,5,2
9782348,2,3,1
9783210,4,5,2
9783258,4,5,2
9783618,6,5,2
9784178,3,5,2
9784242,5,5,2
9784906,5,5,2
9785082,3,5,2
9785518,3,5,2
9785782,5,4,2
9785934,2,3,1
9787070,7,7,3
9787294,6,5,2
9787294,133,10,6
9787470,4,5,2
9787820,1,3,1
9787852,3,3,1
9788156,7,6,3
9788316,6,6,3
9790617,1,1,0
9791153,8,6,2
9791705,1,1,0
9791833,7,5,2
9792457,8,5,2
9796484,2,3,1
9798581,5,4,2
9798821,8,7,3
9799557,1,1,0
9800694,6,4,2
9801014,1,3,1
9801014,82,11,6
9801014,116,11,6
9801014,180,12,6
9801190,4,4,2
9801190,28,8,4
9801446,4,4,2
9801446,69,10,6
9802374,5,4,2
9802654,8,7,3
9802654,207,12,8
9803830,8,6,3
9804142,2,3,1
9804142,58,9,6
9805553,1,1,0
9807320,4,4,1
9807624,2,3,1
9811330,1,2,1
9813005,4,5,2
9813453,1,1,0
9813853,8,7,3
9814449,3,5,2
9814601,6,5,2
9814601,53,10,5
9814921,5,5,2
9816249,4,5,2
9816738,7,6,2
9816898,8,6,2
9817074,3,5,2
9817242,3,5,2
9817434,2,2,1
9817674,6,5,2
9817954,4,5,2
9818306,7,6,2
9819661,3,5,2
9821249,6,6,2
9821465,3,5,2
9821465,90,13,6
9822049,8,6,2
9822153,7,5,2
9825170,5,5,2
9826388,2,3,1
9826452,2,3,1
9826972,7,6,3
9827036,5,6,3
9827348,4,3,1
9827356,6,6,3
9827580,1,3,1
9827756,2,3,1
9827756,12,5,3
9827956,7,6,3
9827956,67,10,6
9828108,1,3,1
9828108,33,9,4
9828301,5,5,2
9828485,8,7,3
9828789,8,7,3
9829485,1,1,0
9829805,5,5,2
9829933,4,5,2
9830149,5,4,2
9830149,20,8,3
9830149,24,10,4
9830149,28,10,4
9830397,5,5,2
9830397,51,11,5
9830736,3,4,1
9831528,4,4,1
9832200,1,3,1
9832312,5,5,2
9832704,8,6,2
9833133,3,5,2
9833813,5,4,2
9835571,6,6,3
9836187,7,6,3
9838239,5,6,2
9839311,3,4,1
9839815,3,4,1
9840381,5,5,2
9840797,8,7,3
9841477,6,7,3
9842109,5,5,2
9843569,7,6,2
9844201,5,5,2
9844441,1,1,0
9844441,164,12,7
9845053,1,1,0
9845261,1,1,0
9845821,1,1,0
9846069,2,4,2
9846389,7,7,3
9848634,5,5,2
9853663,7,6,2
9854954,4,5,2
9855858,5,5,2
9857509,5,4,2
9858077,1,1,0
9858973,3,5,2
9859880,6,5,2
9860504,1,3,1
9864921,3,5,2
9868259,8,6,3
9868531,2,3,1
9870320,5,6,2
9870888,1,3,1
9871509,6,7,3
9871573,3,4,2
9872109,3,5,2
9872349,4,5,2
9872573,3,5,2
9872717,2,5,2
9872717,20,8,4
9872941,5,5,2
9874195,8,6,3
9874451,8,6,3
9875019,4,5,3
9875547,4,6,3
9875611,6,6,3
9876922,2,2,1
9877474,6,5,2
9877570,3,5,2
9878915,4,6,3
9879699,4,6,3
9881317,6,7,3
9883952,8,6,2
9884496,6,6,2
9885320,4,4,1
9886023,4,5,2
9886287,4,6,2
9886615,7,5,2
9887223,8,7,4
9887503,2,4,1
9888228,8,6,3
9888252,4,3,1
9888636,6,6,3
9888988,5,6,3
9889588,6,6,3
9890414,5,5,2
9890854,8,6,3
9891894,2,3,1
9893693,2,5,2
9896783,7,6,2
9897730,7,6,2
9898154,1,2,1
9898154,5,5,2
9898466,7,6,2
9899250,3,5,2
9899458,6,5,2
9899602,2,2,1
9899714,4,5,2
9900094,8,7,3
9900622,1,3,1
9901214,5,5,2
9904469,4,4,2
9904803,7,6,3
9905275,4,6,3
9905275,10,6,3
9905635,7,6,3
9905899,6,5,3
9907724,8,5,3
9908356,3,3,1
9914117,8,7,3
9914509,6,6,3
9915037,5,5,2
9915821,8,6,3
9916045,5,5,2
9916574,12,7,3
9916846,8,6,3
9918366,3,5,2
9918510,7,6,3
9919011,3,3,1
9919811,7,6,3
9919819,7,5,3
9922070,4,4,2
9922118,6,4,2
9924824,4,4,1
9924968,4,4,1
9926104,7,5,2
9926978,4,5,2
9927682,1,2,1
9927810,5,5,2
9927810,97,13,6
9927930,4,5,2
9928074,4,5,2
9928186,7,5,2
9929636,2,3,1
9930596,2,3,1
9930748,7,6,3
9933467,1,2,0
9937247,4,6,2
9938662,6,4,2
9938878,6,5,2
9938878,75,9,6
9939126,2,3,1
9940094,4,5,2
9940406,7,6,3
9941172,6,6,3
9941364,3,3,1
9941508,4,3,1
9941884,7,6,3
9942124,5,5,3
9942124,93,10,6
9942124,209,13,7
9942124,235,13,7
9942716,4,3,1
9942976,4,4,1
9942976,34,11,5
9943336,4,4,1
9943336,100,10,6
9943464,2,3,1
9944360,7,5,2
9944576,1,3,1
9944576,66,14,6
9944792,7,5,2
9944792,25,9,5
9945379,1,2,0
9946003,6,6,3
9946491,4,6,3
9946523,4,6,3
9947637,6,7,3
9949165,1,1,0
9949173,5,4,2
9949333,7,7,3
9949485,1,1,0
9949485,48,11,6
9950620,7,6,3
9951116,5,5,3
9951668,7,6,3
9952620,4,3,1
9954508,2,3,1
9956426,7,5,2
9957287,1,2,0
9958247,6,5,2
9958567,8,7,4
9958999,1,2,0
9959135,3,4,1
9960043,3,3,1
9960243,1,2,0
9960243,119,12,6
9960243,133,12,6
9960243,145,12,6
9961315,2,3,1
9961635,2,3,1
9961635,44,10,6
9962999,8,7,4
9969475,7,6,3
9969483,1,2,0
9970163,6,6,3
9970363,2,3,1
9970363,26,8,4
9971495,1,2,0
9971495,35,7,4
9971607,3,4,1
9973271,4,5,2
9973679,1,2,0
9973884,140,11,7
9974004,2,3,1
9974180,2,3,1
9974180,62,10,6
9974292,7,6,3
9974572,5,5,3
9974572,35,8,4
9974708,7,6,3
9974708,19,6,3
9975148,2,3,1
9975380,4,3,1
9980621,3,5,2
9982116,5,6,3
9984525,6,6,3
9985859,4,6,3
9985971,2,3,1
9986691,5,6,3
9987211,8,5,3
9987875,3,3,1
9988291,6,6,3
9988491,6,5,3
9988875,2,3,1
9989147,2,3,1
9989147,4,6,3
9989147,83,10,5
9989147,129,12,6
9989147,215,14,7
9990083,5,6,3
9990083,9,6,3
9990115,2,3,1
9990115,8,6,3
9990115,25,8,4
9990539,1,2,0
9990901,2,4,2
9991069,2,5,2
9991853,4,5,2
9991901,8,7,3
9992901,8,7,3
9993639,3,4,1
9997305,8,5,2
10000759,5,5,2
10001991,7,5,2
10002570,7,5,2
10004626,7,6,2
10007076,8,6,3
10012451,4,6,3
10015647,1,2,0
10015687,7,5,2
10016215,1,2,0
10016447,5,6,2
10016615,7,5,2
10017700,4,3,1
10018612,4,3,1
10019760,5,6,2
10021368,4,4,1
10021870,3,5,2
10021998,6,5,2
10022742,6,4,2
10023974,3,4,2
10024479,3,4,1
10025031,8,7,4
10027868,4,3,1
10028100,3,3,1
10028420,7,6,3
10028572,4,3,1
10028572,80,10,5
10028676,4,3,1
10028676,6,6,3
10028780,1,3,1
10029099,8,5,3
10029099,90,11,6
10029355,7,5,3
10029483,1,2,0
10030083,4,6,3
10031549,2,5,2
10031845,6,7,3
10032013,4,5,2
10032805,4,4,2
10032813,4,5,2
10032869,2,4,2
10034255,4,6,2
10034575,1,2,0
10034599,1,2,0
10035183,5,6,2
10035375,2,4,1
10039233,7,6,2
10039241,4,5,2
10040689,1,1,0
10041128,1,3,1
10041552,6,6,2
10042416,6,6,2
10044493,8,6,3
10044573,3,5,2
10044989,3,5,2
10045453,2,5,2
10045827,8,6,3
10046139,7,6,3
10046139,31,9,5
10046307,7,6,3
10046307,93,9,6
10046779,1,2,0
10047027,6,6,3
10047027,14,6,3
10047027,25,8,5
10047027,117,12,6
10047387,8,6,3
10047387,104,11,6
10047547,2,3,1
10047771,8,6,3
10047883,4,5,3
10048605,7,7,3
10049013,1,1,0
10049149,1,1,0
10049309,4,5,2
10050995,7,6,3
10052131,7,6,3
10052467,2,3,1
10052699,3,3,1
10053387,3,3,1
10053427,1,2,0
10054355,3,3,1
10054867,1,2,0
10054891,5,5,3
10056526,7,6,3
10056822,3,4,2
10057806,3,5,2
10057870,5,5,2
10058174,2,3,1
10058174,23,9,4
10058342,6,4,2
10058478,8,6,3
10058478,16,7,4
10058478,32,7,4
10058622,4,5,2
10058870,5,4,2
10059486,1,3,1
10059694,5,5,2
10059694,97,10,6
10059885,19,8,4
10060709,5,4,2
10061061,2,4,2
10062061,4,5,2
10062277,6,7,3
10062405,6,7,3
10062405,65,11,5
10062621,17,8,4
10062621,108,12,6
10062621,128,12,6
10062621,136,12,6
10065996,1,3,1
10066012,2,3,1
10066452,6,6,3
10068292,2,3,1
10068612,8,6,3
10068612,70,12,6
10069989,4,4,2
10070437,1,1,0
10071181,8,6,3
10071725,4,5,2
10072251,2,3,1
10073931,5,5,3
10074778,7,5,2
10075114,1,2,1
10076290,6,5,2
10078357,1,1,0
10085209,1,1,0
10085681,5,5,2
10086164,6,6,3
10086332,3,3,1
10086572,1,3,1
10087020,7,5,3
10087740,4,3,1
10087860,1,3,1
10087860,37,8,5
10088060,1,3,1
10088060,43,10,5
10088332,4,3,1
10089179,5,6,3
10089219,3,3,1
10089763,5,6,3
10090435,7,6,3
10090969,1,1,0
10090969,4,5,2
10090993,1,1,0
10091665,1,1,0
10091937,1,1,0
10092361,2,5,2
10092401,8,6,2
10092729,8,5,2
10093321,3,5,2
10098075,7,6,3
10098287,4,6,2
10098431,3,4,1
10098615,7,5,2
10099735,4,5,2
10101206,1,3,1
10103323,6,6,3
10103635,3,3,1
10103635,45,9,5
10105346,5,5,2
10108102,4,4,2
10116898,3,5,2
10117210,7,5,2
10117810,4,5,2
10117978,8,5,2
10117978,49,10,5
10118450,6,5,2
10118778,8,5,2
10118866,1,2,1
10119490,5,5,2
10119853,6,6,3
10119965,5,5,2
10120365,6,6,3
10120365,38,8,4
10120365,134,11,6
10120637,14,9,4
10120637,20,9,4
10120637,205,12,8
10120637,239,12,8
10120805,6,7,3
10120805,30,9,4
10121821,3,5,2
10122435,6,6,3
10122451,4,6,3
10123091,2,3,1
10123299,2,3,1
10123299,149,11,6
10126698,1,2,1
10127275,4,5,3
10127275,42,8,4
10127363,4,6,3
10128075,4,5,3
10130509,4,5,2
10133622,3,4,2
10137616,6,6,2
10137672,4,4,1
10138136,4,4,1
10140031,3,4,1
10143297,6,6,2
10143433,7,5,2
10143433,36,9,4
10143433,70,10,5
10143783,6,5,2
10143999,6,6,2
10144103,4,5,2
10144231,6,5,2
10144599,2,4,1
10144599,91,12,7
10144783,5,6,2
10144783,80,11,6
10145143,7,5,2
10145559,1,2,0
10145607,4,5,2
10146269,1,1,0
10148307,27,9,5
10148659,6,6,3
10149043,2,3,1
10149147,6,6,3
10149147,20,7,4
10149147,56,9,5
10149147,82,10,5
10149323,26,8,4
10149323,128,12,7
10149907,3,3,1
10150738,8,6,2
10150818,5,5,2
10158098,6,5,2
10158754,1,2,1
10159090,8,6,2
10159266,7,6,2
10159266,114,10,6
10161283,6,6,3
10161491,2,3,1
10162571,4,5,3
10163203,1,2,0
10163491,2,3,1
10164003,4,6,3
10169016,6,5,2
10171979,6,5,3
10172003,6,6,3
10172302,4,5,2
10173038,6,5,2
10174334,6,5,2
10174398,1,3,1
10174430,5,5,2
10175154,1,2,1
10175514,3,5,2
10175930,5,5,2
10176026,8,5,2
10176290,5,5,2
10176666,4,5,2
10179132,7,6,3
10179412,5,6,3
10181460,5,6,3
10182351,2,4,1
10182687,2,4,1
10182871,8,6,4
10183311,7,6,2
10183447,4,5,2
10183639,4,5,2
10183903,8,8,3
10183903,61,9,6
10185371,4,6,3
10185435,4,6,3
10186003,2,3,1
10186123,4,5,3
10186363,8,6,3
10186475,8,5,3
10186849,7,6,2
10186849,97,9,6
10187049,6,5,2
10187457,7,6,2
10187713,6,6,2
10187873,5,5,2
10188009,7,5,2
10188297,8,5,2
10188297,37,9,4
10188297,75,13,6
10188297,85,13,6
10188545,17,8,3
10188545,25,10,4
10188545,89,14,6
10188545,145,15,7
10188729,7,5,2
10188881,2,5,2
10188990,3,5,2
10189454,8,6,3
10189454,146,12,8
10189454,152,12,8
10189806,4,5,2
10189806,96,10,6
10189806,290,14,8
10189806,306,14,8
10190030,2,3,1
10190030,28,7,4
10190030,105,10,7
10190318,1,3,1
10190686,8,7,3
10191174,4,4,2
10191361,135,16,7
10191473,6,6,2
10191601,1,1,0
10192513,6,6,2
10193081,2,5,2
10193625,3,5,2
10198949,6,7,3
10199445,3,4,2
10199909,7,7,3
10202050,8,6,2
10202658,6,5,2
10202834,4,5,2
10202834,34,9,5
10203314,6,5,2
10203903,5,6,2
10204143,8,7,3
10204503,7,5,2
10204623,1,2,0
10204623,67,8,5
10205127,2,4,1
10205159,6,5,2
10205824,2,3,1
10205896,2,3,1
10207120,8,6,2
10207296,5,6,2
10207888,1,3,1
10208120,126,11,7
10208120,134,11,7
10208616,7,5,2
10209472,7,6,2
10209792,4,4,1
10209968,6,6,2
10209968,32,7,5
10210192,7,6,2
10210523,1,2,0
10211875,5,6,3
10212099,8,6,3
10212099,12,7,3
10212099,150,14,7
10212435,7,6,3
10212491,1,2,0
10213054,7,7,3
10213366,4,4,2
10213366,36,9,5
10213582,2,3,1
10214254,6,5,2
10215182,8,6,3
10215300,12,6,3
10215300,76,12,6
10215340,6,5,3
10215340,32,8,4
10215884,6,5,3
10215996,4,3,1
10216380,7,6,3
10216620,4,3,1
10217060,5,6,3
10217660,5,6,3
10217860,5,6,3
10217980,8,6,3
10219132,2,3,1
10220211,5,6,3
10220611,4,6,3
10221531,4,6,3
10221707,3,3,1
10221947,1,2,0
10222419,2,3,1
10223003,6,6,3
10223587,4,6,3
10225344,4,4,1
10225360,6,6,2
10226096,3,4,1
10226392,1,3,1
10226392,61,9,5
10227056,7,6,2
10227328,8,6,2
10227456,1,3,1
10228376,7,5,2
10228416,7,6,2
10229264,3,4,1
10230162,1,2,1
10230458,2,2,1
10230458,71,11,6
10230610,5,5,2
10231418,8,5,2
10231922,3,5,2
10232311,5,5,2
10232519,2,4,1
10232655,8,7,3
10233519,7,6,2
10233783,4,5,2
10233783,24,8,5
10233943,4,5,2
10234527,4,6,2
10234935,7,5,2
10235375,4,6,2
10235815,5,5,2
10236199,5,5,2
10236311,1,2,0
10236527,2,4,1
10237009,7,6,2
10237089,3,5,2
10237497,5,5,2
10238249,8,5,2
10238817,6,6,2
10238969,7,5,2
10238969,72,12,6
10238969,146,14,7
10238969,150,14,7
10241625,4,5,2
10241817,2,5,2
10242065,7,6,2
10242233,6,5,2
10242409,6,5,2
10243481,6,5,2
10246401,42,12,5
10246825,3,5,2
10248097,7,6,2
10248265,8,5,2
10248377,4,5,2
10248761,8,5,2
10248784,23,8,5
10248784,27,8,5
10249288,2,3,1
10249504,4,4,1
10249504,41,9,6
10249504,158,10,6
10249672,2,3,1
10249672,63,9,5
10249888,4,4,1
10249888,14,8,3
10250096,8,6,2
10250328,3,4,1
10250328,58,9,5
10250504,2,3,1
10251814,5,4,2
10252510,3,5,2
10253564,4,3,1
10253932,6,5,3
10255676,4,3,1
10257626,8,5,2
10260156,1,3,1
10260228,3,3,1
10260228,21,9,4
10261058,8,6,2
10261170,1,2,1
10261418,8,5,2
10261642,7,5,2
10262082,3,5,2
10262410,1,2,1
10262586,4,5,2
10264426,3,5,2
10266173,1,1,0
10266405,7,7,3
10266517,7,7,3
10266517,15,7,3
10267029,1,1,0
10267509,2,4,2
10269085,8,7,3
10269085,10,7,3
10269189,4,4,2
10269581,5,5,2
10269981,2,5,2
10271933,4,5,2
10273408,1,3,1
10273832,7,5,2
10274112,14,8,3
10274112,77,10,7
10274112,153,10,7
10274112,229,10,7
10274112,243,10,7
10274112,255,10,7
10274112,261,10,7
10274112,267,10,7
10274248,5,5,2
10274248,9,7,4
10274600,188,12,7
10274608,2,3,1
10274608,14,7,3
10274608,74,10,6
10274608,98,10,6
10275086,71,10,5
10275086,85,12,6
10275086,369,13,9
10275086,400,13,9
10275086,406,13,9
10275086,476,13,9
10275230,4,5,2
10275230,32,8,5
10275542,7,6,3
10275542,61,9,5
10275542,108,11,7
10275542,110,11,7
10275542,207,11,7
10275542,253,14,8
10275854,2,3,1
10275854,34,8,4
10275854,88,12,6
10275854,243,14,7
10275854,299,16,8
10275854,305,16,8
10276206,336,12,7
10276230,6,4,2
10276230,14,6,3
10276230,28,9,4
10276230,137,11,8
10276230,147,11,8
10276230,193,11,8
10276230,264,11,8
10276230,340,11,8
10276230,342,11,8
10276230,344,11,8
10276230,358,11,8
10276678,4,4,2
10276678,97,11,7
10276942,3,5,2
10276942,74,9,5
10277086,2,3,1
10277086,14,7,3
10277539,4,6,3
10278275,1,2,0
10278419,2,3,1
10278419,82,10,5
10278419,84,12,6
10278419,107,12,6
10278419,113,12,6
10278563,45,10,6
10278563,61,10,6
10278811,4,6,3
10280432,177,12,7
10280432,187,12,7
10280448,6,6,2
10280448,22,10,4
10280448,183,16,7
10280912,103,11,7
10280912,121,11,7
10280912,275,13,8
10280912,399,13,8
10280912,401,13,8
10281200,5,6,2
10281200,21,8,5
10281200,46,8,5
10281584,3,4,1
10281584,94,9,6
10282706,7,6,2
10283066,2,2,1
10283186,4,5,2
10283714,1,2,1
10283946,8,5,2
10283946,172,14,8
10284675,4,6,3
10284675,6,6,3
10285259,2,3,1
10286107,3,3,1
10286307,7,6,3
10286307,138,11,7
10286491,2,3,1
10287411,8,6,3
10287539,2,3,1
10287763,7,6,3
10288115,3,3,1
10288259,4,6,3
10288691,5,6,3
10288947,5,6,3
10288947,83,11,6
10288947,223,13,7
10289163,5,5,3
10289163,48,11,5
10289163,84,13,6
10289494,7,6,3
10289574,1,3,1
10289958,5,4,2
10290094,2,3,1
10290310,2,3,1
10290310,26,9,4
10290310,84,12,6
10290486,1,3,1
10290998,1,3,1
10291190,7,6,3
10291190,81,11,6
10291190,105,11,6
10291662,7,6,3
10292063,1,2,0
10292551,7,5,2
10292551,405,14,9
10292895,2,4,1
10293143,1,2,0
10293143,176,13,8
10294071,1,2,0
10294946,4,5,2
10296306,6,5,2
10297029,7,7,3
10298189,8,6,3
10300422,2,3,1
10300470,2,3,1
10301366,1,3,1
10302065,8,6,2
10302721,4,5,2
10303193,1,1,0
10303809,15,8,3
10304121,8,5,2
10305769,7,5,2
10305905,3,5,2
10309767,2,4,1
10311543,3,4,1
10314992,4,4,1
10315752,8,5,2
10316364,8,5,3
10316644,8,6,3
10316956,3,3,1
10317460,8,6,3
10317860,8,6,3
10319192,7,5,2
10321633,1,1,0
10324712,2,3,1
10327305,6,5,2
10328577,7,6,2
10328593,5,5,2
10328817,3,5,2
10329473,6,6,2
10329561,2,5,2
10330197,2,4,2
10331949,6,6,3
10332261,6,7,3
10332700,1,3,1
10332996,3,3,1
10333468,7,6,3
10333708,1,3,1
10334076,5,6,3
10334164,7,6,3
10335264,1,3,1
10335680,7,6,2
10336136,6,5,2
10339886,1,3,1
10340222,8,7,3
10340598,8,6,3
10341902,8,6,3
10342113,32,9,4
10342129,5,5,2
10342625,6,6,2
10342641,4,5,2
10343529,6,5,2
10343673,4,5,2
10345491,6,6,3
10345515,8,5,3
10349542,4,4,2
10352048,2,3,1
10352064,6,6,2
10355706,6,5,2
10355938,6,5,2
10356960,3,4,1
10356984,1,3,1
10356984,19,7,4
10357360,6,6,2
10357552,4,4,1
10357928,1,3,1
10358120,5,5,2
10358456,1,3,1
10360377,1,1,0
10360377,37,9,5
10360377,41,9,5
10360761,5,5,2
10361073,7,6,2
10361315,1,2,0
10361315,53,10,6
10363467,4,5,3
10363912,6,5,2
10364256,3,4,1
10364616,6,5,2
10364960,6,6,2
10365752,8,5,2
10366040,253,13,7
10366040,261,13,7
10366064,3,4,1
10366320,3,4,1
10366672,5,6,2
10367048,5,5,2
10367904,7,6,2
10368562,8,6,2
10369338,6,5,2
10371967,5,6,2
10372807,4,5,2
10374964,1,3,1
10375164,2,3,1
10375709,2,5,2
10376437,3,4,2
10376453,1,1,0
10377813,2,4,2
10378015,18,9,4
10378015,104,10,6
10378015,164,11,7
10379327,5,6,2
10379871,5,6,2
10380239,1,2,0
10380359,5,5,2
10380644,8,6,3
10382412,4,3,1
10382484,4,3,1
10382484,60,10,5
10382772,8,6,3
10384905,2,5,2
10384953,2,5,2
10385422,7,6,3
10386462,3,5,2
10386966,8,6,3
10387134,3,5,2
10387134,164,9,6
10387318,1,3,1
10387688,7,5,2
10387856,1,3,1
10388080,7,6,2
10389496,6,5,2
10389760,2,3,1
10389760,16,8,3
10389968,5,6,2
10391059,4,6,3
10391627,6,5,3
10392027,6,6,3
10392378,16,8,4
10392378,98,11,6
10392378,102,11,6
10392482,4,5,2
10392482,6,5,2
10392754,2,2,1
10392754,79,11,6
10392754,83,11,6
10393930,7,5,2
10397777,7,6,2
10398705,7,6,2
10399465,8,5,2
10399701,7,7,3
10399701,83,10,5
10401493,3,4,2
10401781,5,4,2
10401781,76,12,6
10403230,7,7,3
10403534,8,6,3
10404563,6,6,3
10405083,2,3,1
10405291,2,3,1
10405491,7,6,3
10405659,1,2,0
10405947,5,6,3
10413477,8,7,3
10414041,7,5,2
10416193,1,1,0
10416725,8,7,3
10417381,3,4,2
10417589,6,7,3
10417589,135,12,6
10417589,139,12,6
10417749,4,4,2
10417917,1,1,0
10418157,7,6,3
10419022,7,6,3
10419270,5,4,2
10419662,3,5,2
10420350,7,7,3
10420542,2,3,1
10420542,76,9,6
10421063,2,4,1
10421239,1,2,0
10422015,4,6,2
10422151,2,4,1
10422151,91,11,6
10422311,1,2,0
10422311,28,7,4
10422695,3,4,1
10422735,1,2,0
10425376,1,3,1
10428332,1,3,1
10429092,2,3,1
10429732,3,3,1
10430436,2,3,1
10430616,16,6,4
10431632,6,6,2
10432256,1,3,1
10432320,3,4,1
10433204,3,3,1
10434572,8,5,3
10434572,18,8,4
10434980,4,3,1
10435473,5,5,2
10436201,2,5,2
10436201,16,8,4
10436289,8,6,2
10436921,8,5,2
10438850,7,6,2
10440810,4,5,2
10444553,2,5,2
10445214,5,5,2
10446718,7,7,3
10446774,7,6,3
10447521,5,5,2
10447561,2,5,2
10447961,4,5,2
10448265,4,5,2
10448481,1,1,0
10449169,4,5,2
10449633,1,1,0
10449897,1,1,0
10449897,95,11,6
10449897,109,13,7
10450289,3,5,2
10450361,8,5,2
10450673,1,1,0
10450697,5,5,2
10451049,6,5,2
10451385,1,1,0
10451385,59,11,6
10451385,245,13,8
10451521,1,1,0
10452366,8,6,3
10452766,3,5,2
10452862,3,5,2
10453406,8,7,3
10455129,3,5,2
10455249,3,5,2
10455433,1,1,0
10455433,25,8,4
10455609,6,5,2
10457323,5,5,3
10457667,8,6,3
10457667,43,10,5
10457667,103,11,7
10458027,8,5,3
10458675,8,6,3
10458931,8,6,3
10458931,94,11,6
10458931,230,13,7
10459499,4,5,3
10459707,8,6,3
10459899,8,6,3
10460251,5,6,3
10460523,1,2,0
10460763,2,3,1
10460923,6,6,3
10461499,3,3,1
10461792,5,6,2
10462240,2,3,1
10462472,8,5,2
10462472,110,12,6
10463256,5,5,2
10463520,3,4,1
10464233,7,5,2
10464233,159,13,7
10464233,277,15,8
10464681,6,5,2
10465033,1,1,0
10465473,2,5,2
10467497,7,5,2
10467497,15,8,4
10468089,3,5,2
10468457,2,5,2
10468817,2,5,2
10468817,12,7,3
10471462,5,4,2
10471878,8,6,3
10472686,3,5,2
10473054,6,5,2
10473054,94,8,5
10473062,8,6,3
10473430,6,4,2
10474747,2,3,1
10474875,2,3,1
10475611,7,6,3
10476318,4,5,2
10476718,3,5,2
10477006,1,3,1
10477254,8,6,3
10478771,4,6,3
10479315,2,3,1
10479651,6,6,3
10480251,2,3,1
10481078,6,4,2
10481294,5,5,2
10481294,45,8,4
10482182,4,4,2
10483102,2,3,1
10484674,2,2,1
10484770,7,6,2
10486117,4,4,2
10486605,3,5,2
10487205,1,1,0
10488725,5,4,2
10489285,5,4,2
10489285,7,7,3
10489557,2,4,2
10490141,2,5,2
10490421,1,1,0
10490950,1,3,1
10493784,3,4,1
10493976,4,4,1
10496014,2,3,1
10496246,2,3,1
10496246,181,12,7
10496894,2,3,1
10498178,4,5,2
10500159,8,8,3
10500727,7,5,2
10501655,2,4,1
10502135,2,4,1
10502481,5,5,2
10503361,3,5,2
10503465,1,1,0
10503713,3,5,2
10504009,1,1,0
10505136,3,4,1
10506088,3,4,1
10507221,6,7,3
10510674,5,5,2
10512730,2,2,1
10515152,6,6,2
10515728,2,3,1
10516048,3,4,1
10516048,254,12,7
10516096,8,6,2
10516096,19,10,4
10516360,1,3,1
10517168,5,6,2
10520466,2,2,1
10522644,6,6,3
10523372,7,5,3
10523468,3,3,1
10524879,7,6,2
10525375,7,6,2
10526143,5,6,2
10526718,3,5,2
10527854,4,5,2
10527894,8,6,3
10530244,3,3,1
10531453,2,5,2
10531453,87,12,6
10531565,3,5,2
10531901,2,5,2
10532037,2,4,2
10532653,8,6,3
10533509,8,7,3
10533749,1,1,0
10534837,3,4,2
10534941,7,7,3
10535061,2,4,2
10536278,4,4,2
10536702,3,5,2
10541961,5,5,2
10543033,8,5,2
10543793,6,6,2
10547306,3,5,2
10547346,3,5,2
10548117,8,7,3
10548165,6,7,3
10549205,4,4,2
10550109,5,5,2
10550449,8,6,2
10551337,3,5,2
10551609,3,5,2
10552313,5,5,2
10553004,5,5,3
10553020,5,6,3
10553020,13,8,4
10553476,7,6,3
10553668,3,3,1
10553668,85,11,7
10554036,6,6,3
10554972,5,6,3
10557312,5,6,2
10558432,4,4,1
10558616,7,5,2
10559080,6,5,2
10559728,8,6,2
10560367,7,6,2
10560367,81,9,6
10560527,7,6,2
10560887,6,5,2
10560887,829,14,9
10561287,4,5,2
10562315,6,5,3
10563043,4,6,3
10563043,178,12,7
10563851,2,3,1
10568653,6,6,3
10569261,1,1,0
10569348,20,7,3
10569348,28,9,4
10569540,90,11,7
10570052,1,3,1
10572468,2,3,1
10572860,7,6,3
10572860,126,11,6
10573028,6,6,3
10573196,2,3,1
10573804,7,5,3
10573892,3,3,1
10576960,8,6,2
10578792,7,5,2
10579170,7,6,2
10579562,6,5,2
10580018,7,6,2
10580458,4,5,2
10580634,6,5,2
10584404,2,3,1
10586389,1,1,0
10587005,5,5,2
10588317,1,1,0
10588657,3,5,2
10588849,2,5,2
10589121,6,6,2
10589121,108,11,7
10591328,3,4,1
10591712,8,6,2
10591712,72,9,6
10592608,4,4,1
10592672,8,6,2
10592672,28,9,4
10592944,8,6,2
10594997,5,4,2
10599492,3,3,1
10600715,1,2,0
10601115,8,6,3
10601699,7,6,3
10604019,8,6,3
10605877,6,7,3
10607053,4,5,2
10607237,3,4,2
10610543,6,6,2
10611415,6,5,2
10611495,8,7,4
10611935,5,6,2
10612451,5,6,3
10614315,4,5,3
10615974,8,6,3
10617279,5,6,2
10619423,1,2,0
10619624,6,5,2
10622182,1,3,1
10622358,7,6,3
10623558,3,4,2
10623670,1,3,1
10624511,2,4,1
10626383,8,7,3
10627819,3,3,1
10628995,5,6,3
10629703,6,5,2
10630719,4,6,2
10631127,6,5,2
10633594,1,2,1
10633594,91,11,6
10633594,95,11,6
10634021,5,4,2
10634021,340,14,9
10634237,7,7,3
10634237,40,11,5
10634637,5,5,2
10634637,119,12,6
10634885,6,7,3
10635237,8,7,3
10635237,28,9,4
10636458,3,5,2
10637322,6,5,2
10637482,8,5,2
10637922,3,5,2
10640096,6,6,2
10641016,8,5,2
10643471,7,6,2
10644778,7,5,2
10647858,4,5,2
10648420,1,3,1
10649492,1,3,1
10650460,4,3,1
10650826,6,5,2
10651378,7,6,2
10651378,31,9,5
10652194,3,5,2
10653794,3,5,2
10654330,3,5,2
10654538,2,2,1
10654538,20,8,4
10654698,4,5,2
10655218,2,2,1
10655768,8,5,2
10656432,3,4,1
10656432,138,10,6
10656800,4,4,1
10657560,6,5,2
10658104,6,5,2
10658680,6,5,2
10659288,8,5,2
10659288,78,9,5
10659744,2,3,1
10660547,2,3,1
10660547,6,6,3
10660547,431,13,8
10661067,5,5,3
10661283,2,3,1
10662019,4,6,3
10662603,220,14,8
10662603,314,14,8
10662628,27,8,4
10662628,155,11,7
10663060,2,3,1
10663060,137,11,6
10663244,8,5,3
10663612,8,6,3
10663980,7,5,3
10664716,7,5,3
10667065,3,5,2
10668637,2,5,2
10674155,8,5,3
10675170,4,5,2
10675250,4,5,2
10676178,6,5,2
10676730,7,5,2
10678095,4,6,2
10678823,4,5,2
10678823,141,11,6
10679263,3,4,1
10679263,23,9,4
10679263,29,9,4
10687628,4,3,1
10687684,1,3,1
10688236,1,3,1
10688532,7,6,3
10691380,2,3,1
10691548,8,6,3
10691548,126,12,7
10692052,8,6,3
10693388,6,5,3
10697653,7,7,3
10702458,7,5,2
10702738,2,2,1
10703106,3,5,2
10704614,4,4,2
10705142,1,3,1
10705808,2,3,1
10705808,6,6,2
10706256,8,6,2
10706912,2,3,1
10707696,2,3,1
10707880,8,5,2
10708183,6,5,2
10708671,4,6,2
10708903,4,5,2
10709375,4,6,2
10710039,1,2,0
10710807,6,5,2
10711263,8,8,3
10712191,2,4,1
10712463,4,6,2
10712463,136,10,6
10713130,8,5,2
10713354,6,5,2
10714202,7,5,2
10714970,7,5,2
10715138,1,2,1
10715676,6,6,3
10715676,32,9,5
10716340,8,6,3
10716484,4,3,1
10716484,56,10,5
10718259,2,3,1
10718315,2,3,1
10718979,3,3,1
10719347,1,2,0
10719619,7,6,3
10720019,2,3,1
10720019,8,6,3
10720303,6,6,2
10720711,2,4,1
10721271,7,5,2
10721639,2,4,1
10722311,2,4,1
10722723,5,6,3
10723411,4,6,3
10724291,8,6,3
10724699,2,3,1
10725035,5,5,3
10725843,3,3,1
10726531,2,3,1
10726987,1,2,0
10727583,2,4,1
10728391,6,5,2
10729351,7,5,2
10730002,4,5,2
10730410,7,5,2
10731018,6,5,2
10731018,58,11,5
10731018,76,13,6
10731226,37,10,5
10731626,3,5,2
10732325,6,7,3
10732989,2,5,2
10733949,2,5,2
10734754,5,5,2
10735562,4,5,2
10736522,2,2,1
10736738,3,5,2
10736923,4,6,3
10736923,8,6,3
10736923,10,6,3
10737299,7,6,3
10738275,1,2,0
10738683,8,6,3
10738683,80,12,6
10739131,3,3,1
10739131,45,9,5
10739131,58,9,5
10739633,81,11,6
10739633,99,11,6
10739633,139,11,6
10739633,421,14,8
10740041,3,5,2
10740041,13,8,4
10740041,21,8,4
10740401,2,5,2
10740401,215,14,8
10740665,6,5,2
10741169,2,5,2
10742083,7,6,3
10742579,5,6,3
10743275,8,5,3
10743891,5,6,3
10744480,1,3,1
10744480,75,9,6
10745328,4,4,1
10745352,5,5,2
10745408,5,6,2
10746024,1,3,1
10746557,8,7,3
10747405,1,1,0
10748037,3,4,2
10748413,5,5,2
10748413,97,13,6
10748413,143,15,7
10748765,5,5,2
10749385,1,1,0
10749385,119,12,7
10749385,127,12,7
10750033,3,5,2
10750033,102,12,7
10750033,188,12,7
10750233,7,5,2
10750417,6,6,2
10750753,6,6,2
10751629,8,6,3
10752333,6,6,3
10753109,2,4,2
10753285,6,7,3
10755302,2,3,1
10756645,2,4,2
10757925,7,7,3
10759569,8,6,2
10761248,1,3,1
10761536,40,11,5
10761536,103,10,7
10761536,137,10,7
10761536,259,10,7
10762016,6,6,2
10762016,63,9,6
10762016,105,10,6
10762192,105,11,7
10763485,2,5,2
10763829,6,7,3
10764165,6,7,3
10765349,7,7,3
10765526,111,11,7
10765630,1,3,1
10770304,1,3,1
10771387,5,6,3
10771403,1,2,0
10772323,4,6,3
10772515,3,3,1
10772675,3,3,1
10773509,6,7,3
10774141,8,7,3
10776559,1,2,0
10778682,4,5,2
10778810,7,5,2
10779138,2,2,1
10781154,4,5,2
10783883,6,5,3
10784690,3,5,2
10787422,3,5,2
10787638,4,4,2
10787830,7,6,3
10788014,4,5,2
10789577,1,1,0
10791025,3,5,2
10791105,4,5,2
10792479,3,4,1
10792815,1,2,0
10793303,7,5,2
10793783,7,5,2
10794611,4,6,3
10795715,1,2,0
10795715,5,6,3
10796781,6,6,3
10801730,8,6,2
10801786,4,5,2
10803410,3,5,2
10806172,2,3,1
10808843,8,5,3
10809763,4,6,3
10809763,6,6,3
10812899,1,2,0
10816870,7,6,3
10820490,6,5,2
10821244,5,6,3
10821564,1,3,1
10823589,4,4,2
10824877,5,5,2
10826433,5,5,2
10827760,32,8,5
10827760,147,12,7
10829336,2,3,1
10829336,12,6,4
10829400,8,5,2
10829848,4,4,1
10829848,110,12,6
10830266,1,2,1
10834165,2,4,2
10834245,5,4,2
10834581,6,7,3
10836196,6,6,3
10836484,2,3,1
10836484,28,9,4
10838269,6,7,3
10840065,4,5,2
10840425,6,5,2
10840793,6,5,2
10842570,4,5,2
10842898,1,2,1
10843826,2,2,1
10845700,1,3,1
10846012,5,6,3
10846236,2,3,1
10846236,42,9,5
10846684,4,3,1
10847565,8,6,3
10850065,1697,16,10
10850065,2328,17,11
10852234,6,5,2
10852810,8,5,2
10852810,12,8,4
10853370,7,5,2
10856511,6,6,2
10856991,2,4,1
10856991,62,9,6
10859232,3,4,1
10860408,7,5,2
10861246,145,9,6
10863358,209,14,7
10863358,300,11,8
10863693,336,15,8
10865125,3,4,2
10871812,4,3,1
10872452,7,6,3
10872452,43,11,5
10874349,8,6,3
10876948,333,16,8
10879298,3473,19,11
10888397,6,6,3
10888901,3,4,2
10888901,112,11,7
10888901,118,11,7
10889685,3,4,2
10889861,6,7,3
10890687,5,6,2
10890687,7,6,2
10894811,8,6,3
10895003,6,6,3
10895259,3,3,1
10895747,7,6,3
10896555,5,5,3
10900524,1,3,1
10900700,7,6,3
10900884,5,6,3
10902329,297,13,7
10902673,352,13,8
10902929,2,5,2
10902929,259,12,8
10902929,304,12,8
10909312,8,6,2
10910920,2,3,1
10912779,2,3,1
10917665,3,5,2
10920328,8,5,2
10921001,20,8,4
10922609,8,6,2
10928947,4,6,3
10932109,6,6,3
10932493,1,1,0
10932928,23,10,4
10933224,5,5,2
10933696,2,3,1
10934232,6,5,2
10934720,8,6,2
10935208,4,4,1
10946221,6,6,3
10946325,4,4,2
10947061,2,4,2
10947259,58,9,5
10947259,94,10,6
10947259,98,10,6
10947715,4,6,3
10948731,6,6,3
10951518,7,7,3
10953485,4,5,2
10954397,2,5,2
10956171,4,5,3
10956539,6,6,3
10957548,8,5,3
10959004,1,3,1
10960099,7,6,3
10960307,5,6,3
10961195,4,5,3
10962123,7,5,3
10962515,7,6,3
10962515,122,12,7
10962515,210,12,7
10962515,282,13,7
10962515,292,13,7
10966158,1,3,1
10966222,8,6,3
10966878,4,5,2
10967334,7,6,3
10969433,1,1,0
10969873,4,5,2
10975917,3,5,2
10976117,1,1,0
10976485,8,7,3
10977093,4,4,2
10978659,4,6,3
10981143,1,2,0
10983688,7,5,2
10987806,6,5,2
10989833,7,5,2
10990153,6,5,2
10990153,144,12,7
10990961,1,1,0
10991193,8,5,2
10992425,3,5,2
10992433,1,1,0
10992770,4,5,2
10993050,4,5,2
10994194,5,5,2
10994874,2,2,1
10995866,4,5,2
11003481,6,5,2
11005888,3,4,1
11007411,4,6,3
11008755,6,6,3
11009027,1,2,0
11018344,1,3,1
11018472,6,5,2
11019633,2,5,2
11023238,5,4,2
11024202,5,5,2
11025850,1,2,1
11028040,4,4,1
11028080,6,6,2
11028659,1,2,0
11028659,142,11,6
11028835,8,6,3
11029131,1,2,0
11029131,138,12,6
11029371,6,6,3
11029579,5,5,3
11030211,1,2,0
11030243,5,6,3
11030949,7,7,3
11031333,2,4,2
11035407,1,2,0
11035669,17,7,3
11035829,7,7,3
11038163,4,6,3
11038475,3,3,1
11038819,2,3,1
11038819,79,9,6
11038971,4,6,3
11039395,3,3,1
11040806,6,4,2
11041510,8,6,3
11042606,7,6,3
11043766,8,6,3
11045440,8,6,2
11046784,8,6,2
11047176,6,5,2
11048615,2,4,1
11049079,8,7,4
11049775,8,7,3
11049775,10,7,3
11049967,2,4,1
11051098,1,2,1
11051242,8,5,2
11052871,4,5,2
11053607,4,5,2
11055614,4,5,2
11059025,3,5,2
11061221,8,7,3
11061669,3,4,2
11061977,3,5,2
11065434,1,2,1
11065554,7,6,2
11066114,8,6,2
11066314,1,2,1
11066314,5,5,2
11069295,6,6,2
11074325,3,4,2
11074637,1,1,0
11075365,6,7,3
11076714,2,2,1
11076970,2,2,1
11078226,3,5,2
11078274,8,6,2
11079486,4,5,2
11079598,7,6,3
11080054,3,4,2
11080310,6,4,2
11080310,32,9,5
11087123,5,6,3
11087323,2,3,1
11087579,4,6,3
11089640,1,3,1
11093440,7,6,2
11093624,5,5,2
11095576,1,3,1
11096640,7,6,2
11098932,9,6,3
11098948,3,3,1
11098948,23,9,4
11101572,8,6,3
11102453,4,4,2
11105102,1,3,1
11105574,7,6,3
11106342,7,6,3
11110341,7,7,3
11113688,8,5,2
11114192,4,4,1
11116702,4,5,2
11116926,7,7,3
11116926,21,9,4
11117182,14,7,3
11117182,58,11,5
11119128,3,4,1
11119816,7,5,2
11120696,6,5,2
11121336,3,4,1
11122439,1,2,0
11123623,2,4,1
11132091,2,3,1
11132579,5,6,3
11132971,2,3,1
11135400,1,3,1
11136029,3,5,2
11136789,1,1,0
11137309,5,5,2
11138795,8,5,3
11142007,8,7,4
11155025,117,12,7
11155025,2280,18,11
11156177,1078,17,10
11156177,1088,17,10
11157886,1,3,1
11158902,5,4,2
11160561,6,6,2
11160921,8,5,2
11161441,5,5,2
11164817,4,5,2
11167588,4,3,1
11170525,3,5,2
11170805,1,1,0
11172178,8,6,2
11173418,7,5,2
11175888,3,4,1
11177788,8,6,3
11179507,2,3,1
11180147,7,6,3
11181789,2,5,2
11186398,6,5,2
11186846,5,5,2
11186846,374,12,8
11187718,15,7,3
11187718,61,11,5
11189215,8,8,3
11189599,7,6,2
11191047,4,5,2
11191455,2,4,1
11193494,515,14,8
11193494,909,15,9
11194886,5,4,2
11195510,2,3,1
11196096,4,4,1
11197936,4,4,1
11199593,8,5,2
11200305,3,5,2
11207512,6,5,2
11207568,3,4,1
11208519,6,5,2
11209719,6,5,2
11209719,94,11,6
11217197,3,5,2
11217197,27,8,4
11218878,1,3,1
11219651,153,10,7
11219987,5,6,3
11221635,27,9,4
11221635,398,12,8
11222046,204,13,7
11222694,193,13,8
11229658,26,7,4
11229730,5,5,2
11230106,30,10,5
11230818,16,8,3
11230818,472,14,8
11231178,19,8,4
11231178,114,12,7
11231298,3,5,2
11231298,81,11,7
11231602,150,12,7
11231602,251,12,7
11231963,251,14,8
11231963,303,14,8
11232675,5,6,3
11232675,630,15,9
11233699,22,8,4
11233699,738,15,9
11234030,175,11,7
11235558,1,3,1
11235558,1093,16,9
11235734,5,4,2
11235734,61,10,5
11235734,107,11,6
11236366,11,6,3
11236366,404,16,8
11236366,588,17,9
11236425,18,8,4
11236937,112,12,7
11236937,417,14,8
11237057,26,10,4
11237057,46,11,5
11237777,1,1,0
11237777,513,15,9
11238017,12,8,3
11238017,233,12,8
11239359,3,4,1
11239511,23,6,4
11240135,18,7,4
11240599,8,6,4
11240599,24,9,5
11240599,97,11,6
11241499,228,14,7
11241499,232,14,7
11241499,238,14,7
11241619,83,10,5
11243051,5,5,3
11243083,3,3,1
11243595,6,5,3
11244221,28,9,4
11244701,29,8,4
11245781,11,7,3
11247066,398,14,8
11248170,215,14,7
11248914,26,9,5
11248914,132,12,6
11249034,9,5,2
11249034,83,12,6
11249962,23,8,4
11249962,255,13,7
11249962,353,15,9
11251873,13,8,3
11251873,907,16,9
11253960,88,10,7
11256568,19,7,4
11256568,60,11,6
11259165,17,8,4
11261590,4,4,2
11262997,178,15,7
11263357,1,1,0
11263357,149,11,7
11263597,5,5,2
11264229,9,7,3
11264469,133,13,7
11265420,8,5,3
11266412,79,10,6
11268293,366,14,8
11271469,19,8,4
11271621,7,7,3
11272875,22,8,4
11272875,29,8,4
11273083,2,3,1
11273531,23,8,4
11275693,21,8,4
11275813,22,9,4
11277964,9,5,3
11277964,203,13,8
11277964,235,13,8
11277964,300,13,8
11278260,139,11,6
11278324,20,6,3
11279100,591,12,8
11279460,20,7,3
11279460,80,9,6
11280264,13,7,4
11280264,47,10,5
11280264,211,12,8
11281048,16,6,4
11281048,22,6,4
11281048,470,13,8
11281048,472,13,8
11281560,10,6,4
11281560,176,13,8
11281560,318,13,8
11281672,20,7,4
11281672,40,8,4
11282610,19,8,5
11282610,21,8,5
11282610,523,15,8
11286352,32,8,5
11290466,2,2,1
11290466,64,9,6
11290466,983,16,10
11291442,4,5,2
11294196,321,14,8
11294196,1182,14,9
11294196,1766,17,11
11294196,1848,17,11
11294196,2564,17,11
11295108,250,11,8
11295108,420,14,9
11295108,775,14,9
11296052,884,15,9
11297057,116,11,6
11297321,48,11,6
11297321,112,12,6
11297321,160,12,6
11297321,213,14,7
11297321,215,14,7
11297569,58,10,6
11297857,2,5,2
11298121,52,10,5
11298121,104,12,7
11298569,8,5,2
11299102,140,11,6
11300230,3,4,2
11303180,8,5,3
11303718,209,12,7
11303990,217,14,7
11304198,1,3,1
11304198,19,7,3
11304374,21,6,3
11304886,11,6,3
11312998,11,6,3
11312998,31,8,4
11315386,536,15,8
11317776,393,14,8
11317776,421,14,8
11317776,619,14,10
11320182,1910,17,10
11320182,2224,17,10
11322658,1631,17,11
11322658,2095,17,11
11324964,704,15,10
11324964,790,15,10
11332140,954,16,10
11332140,978,16,10
11334538,466,14,9
11334538,1372,16,10
11334538,2054,17,10
11336930,678,14,8
11336930,1348,17,11
11339234,240,13,8
11339234,268,13,8
11339234,272,13,8
11339234,422,13,8
11339234,600,14,9
11339234,844,14,9
11339234,1644,17,11
11339234,1792,17,11
11339234,2110,17,11
11340613,11,7,3
11340613,131,12,7
11340613,308,12,7
11340613,430,14,9
11340613,786,14,9
11340613,968,17,10
11341237,4,4,2
11341237,210,14,8
11341237,495,17,9
11341976,34,9,5
11341976,72,10,5
11343088,225,11,7
11343088,363,12,8
11343088,367,12,8
11343088,1009,14,9
11344104,772,16,9
11345272,5,5,2
11345272,1115,14,9
11346112,193,12,8
11346112,213,12,8
11346112,277,12,8
11346501,87,12,7
11347429,203,13,7
11347429,577,15,9
11347429,809,15,9
11348421,303,13,8
11348421,778,15,9
11351292,156,13,7
11351292,168,13,7
11351292,1579,16,11
11351292,1837,16,11
11351292,1849,16,11
11353084,307,16,8
11353084,1196,14,10
11353084,1638,14,10
11353684,113,12,7
11355484,5,6,3
11355484,1693,18,11
11358475,411,14,9
11358475,1350,17,10
11358475,2266,17,10
11358475,2284,17,10
11360864,197,11,7
11360864,928,15,10
11360864,1024,15,10
11360864,1454,15,10
11363265,332,13,8
11363265,642,14,9
11363265,940,14,9
11363265,1013,15,10
11366114,73,10,6
11366114,243,13,8
11366114,393,13,8
11366114,410,13,8
11366114,1347,16,10
11366114,1478,16,10
11366114,2613,17,11
11368045,1406,16,10
11368045,1456,16,10
11370229,168,13,7
11370229,1379,17,10
11372835,1213,15,9
11375228,2028,16,10
11380016,2003,17,11
11380016,2115,17,11
11380016,2158,17,11
11381840,172,11,7
11381840,698,15,9
11381840,946,15,9
11382405,192,13,8
11384797,1810,17,10
11384797,2222,17,11
11387193,914,16,9
11391996,1072,14,10
11394399,237,11,7
11394399,896,14,9
11396787,1432,16,10
11396787,2302,19,11
11401841,22,9,5
11401841,141,12,7
11403881,31,8,4
11404433,206,13,8
11414074,8,5,2
11418595,51,10,6
11419843,8,6,3
11419939,28,8,4
11420331,2,3,1
11420331,24,8,4
11423112,1781,16,11
11425507,2049,18,11
11426251,231,13,8
11426251,233,13,8
11426787,56,10,6
11426787,415,14,8
11427779,15,7,3
11427779,156,11,7
11427779,162,11,7
11427897,75,11,6
11430293,56,11,5
11430293,485,16,9
11430293,1602,18,10
11432949,316,16,8
11432949,723,17,9
11437550,482,13,8
11437550,976,14,9
11437550,2411,17,11
11439853,987,17,10
11439853,1505,17,10
11439853,1607,17,10
11439853,1689,17,10
11442605,64,11,6
11442605,228,13,8
11442605,308,13,8
11447026,608,13,8
11449424,1843,16,11
11449424,2339,16,11
11451815,801,15,9
11451815,1526,18,11
11454208,887,13,10
11454208,1310,13,10
11454208,1918,15,11
11456595,1809,19,10
11458931,26,9,5
11458931,219,12,7
11458931,677,15,9
11458931,958,16,9
11458931,1387,16,9
11461379,1945,16,10
11463775,1399,15,11
11466169,67,11,6
11466169,887,16,9
11466169,1012,16,9
11466169,1725,19,11
11466169,1763,19,11
11466169,1851,19,11
11466169,1910,19,11
11468177,1302,15,9
11468177,1317,15,9
11468177,1426,18,11
11468177,1516,18,11
11468177,1953,18,11
11468177,2008,18,11
11473351,637,14,9
11475183,8,7,3
11475183,374,12,8
11475183,543,13,8
11475743,450,12,9
11475743,522,12,9
11475743,558,12,9
11476223,269,12,9
11476223,480,12,9
11477039,93,10,6
11477039,766,17,9
11477599,10,8,3
11477599,442,13,8
11477599,513,13,8
11478919,92,11,6
11478919,331,12,8
11478919,646,14,9
11480538,661,16,9
11480538,942,16,9
11480538,1598,18,11
11482935,536,14,9
11482935,2168,17,11
11482935,2308,17,11
11484639,42,9,6
11485600,40,9,6
11485600,42,9,6
11486280,22,7,4
11486560,146,11,7
11486560,170,11,7
11486560,234,11,7
11486648,20,7,4
11487272,8,5,2
11487718,156,12,7
11489606,154,11,7
11490677,17,7,3
11491125,234,14,7
11491789,19,8,4
11494917,46,12,5
11494917,1760,17,11
11494917,1983,17,11
11495581,87,10,5
11495581,129,11,6
11495581,385,13,8
11495581,425,14,8
11495581,647,14,8
11497279,1522,15,10
11499255,1703,14,10
11502079,1479,13,10
11506866,1335,18,11
11506866,1633,18,11
11511528,149,11,7
11511528,1244,15,10
11512789,13,7,3
11513381,8,7,3
11517061,2,4,2
11517349,278,13,8
11523462,525,14,9
11523746,187,13,8
11529260,28,8,4
11529260,381,16,8
11530692,346,12,8
11530692,834,14,9
11531532,405,14,9
11535551,424,12,8
11538338,256,13,8
11538338,2419,18,11
11540282,8,5,2
11540282,44,9,5
11540282,1002,16,10
11542403,1177,16,10
11548568,97,11,6
11550189,53,11,6
11552317,593,14,10
11552317,2039,17,11
11552317,2043,17,11
11553573,17,8,3
11553573,1113,17,10
11554109,274,12,7
11558783,9,8,3
11561718,15,6,3
11562822,97,11,7
11562822,147,11,7
11563462,414,12,8
11563734,204,11,7
11564238,120,10,7
11564238,277,13,8
11564988,22,8,4
11564988,26,8,4
11564988,73,10,6
11564988,424,13,8
11566657,1096,15,10
11566657,1421,15,10
11566657,1595,15,10
11566657,1611,17,11
11569168,827,17,9
11570432,169,15,7
11570432,516,12,9
11573849,2215,17,10
11574721,868,14,9
11575913,7,5,2
11575913,1080,17,10
11577260,2,3,1
11577260,22,8,4
11580797,59,11,5
11580797,727,14,9
11580797,1350,14,9
11580797,2480,17,11
11581158,113,11,7
11582950,69,10,6
11582950,744,14,9
11585134,1,3,1
11585398,8,6,3
11585518,28,7,4
11585606,13,6,3
11586116,199,12,7
11587740,202,13,8
11589981,265,12,7
11589981,275,12,7
11590608,10,7,3
11590608,125,11,7
11590888,174,11,7
11590888,254,13,8
11591000,26,9,5
11591000,76,9,5
11591272,88,9,6
11591272,268,13,7
11591392,18,9,4
11591392,50,9,6
11594410,251,14,8
11594410,680,14,8
11594410,1320,17,10
11594410,1956,17,10
11594410,2203,17,10
11594410,2277,17,10
11594410,2424,17,10
11594410,2676,17,10
11597457,31,9,5
11597457,55,10,5
11597457,59,10,5
11597457,177,13,8
11597577,22,8,4
11598350,157,14,7
11598678,5,4,2
11599430,27,9,4
11599430,123,11,7
11601433,24,7,4
11604950,432,14,8
11604950,1169,16,10
11608415,20,9,4
11608623,19,7,5
11608903,9,7,4
11608903,11,7,4
11611646,793,12,9
11615298,17,8,3
11616106,22,8,4
11619005,453,13,8
11619005,900,16,10
11624073,1355,16,10
11625153,871,16,10
11625153,1036,16,10
11626177,228,13,8
11626177,709,15,10
11626475,245,15,8
11627347,9,6,3
11627347,137,12,7
11627347,541,14,9
11628879,23,8,5
11629599,15,8,3
11629599,701,15,9
11632539,9,6,3
11633371,199,11,7
11635138,370,12,8
11635138,372,12,8
11635138,1256,15,9
11636062,752,14,9
11636342,29,9,5
11639512,749,17,10
11639512,1485,17,10
11639512,2479,17,10
11639512,2980,19,12
11642746,26,8,4
11650403,126,12,7
11650403,463,15,9
11650403,1245,15,9
11653175,2207,20,11
11653175,2586,20,11
11655179,1558,20,10
11661798,8,6,3
11664695,11,7,4
11667179,1037,16,10
11671303,19,7,4
11673309,69,9,5
11678875,18,7,4
11678875,1518,17,11
11679118,41,8,4
11680974,17,7,4
11680974,181,10,7
11681504,143,10,7
11683272,2,3,1
11683272,400,12,8
11685422,30,7,4
11685422,252,13,7
11685750,2,3,1
11685750,94,10,6
11687042,18,8,3
11687106,32,10,4
11687554,20,10,4
11689467,27,8,4
11689467,49,10,5
11689763,22,8,4
11690067,16,6,3
11690123,6,5,3
11692157,10,7,3
11692157,223,11,7
11692517,274,14,8
11693472,821,14,9
11694496,428,14,9
11695632,5,6,2
11695632,708,13,10
11695720,25,7,4
11698201,15,7,4
11698201,896,19,9
11698201,1749,21,10
11698201,2131,23,11
11698620,5,6,3
11698828,3,3,1
11699068,9,6,3
11704010,11,8,4
11704482,9,6,2
11704514,13,8,3
11704666,31,10,5
11705438,139,11,7
11706278,14,6,3
11707414,25,9,5
11707742,82,8,5
11709422,28,7,4
11709422,42,7,4
11709422,352,14,8
11709422,709,15,9
11710225,338,14,9
11710225,568,14,9
11710225,680,14,9
11713338,15,8,4
11715614,21,8,4
11722190,59,9,5
11722430,192,12,8
11724582,2060,17,11
11726734,229,12,8
11730034,619,15,8
11730866,84,11,6
11732125,32,9,5
11732893,7,7,3
11732893,87,10,5
11732933,1,1,0
11732933,23,10,4
11733109,2,4,2
11733109,157,13,7
11733285,32,9,4
11733285,48,11,6
11733285,114,12,6
11733525,18,7,3
11733525,148,13,6
11733557,16,7,3
11733557,20,7,3
11733589,24,10,5
11733645,4,5,2
11733645,20,8,4
11733741,4,5,2
11733741,24,8,4
11733741,50,11,6
11733829,14,8,3
11733829,34,10,4
11733829,54,11,5
11734005,84,12,6
11734005,150,14,7
11734093,2,5,2
11734093,60,10,5
11734155,60,11,5
11734603,18,8,4
11734603,382,14,8
11734699,2,3,1
11734699,16,8,4
11735291,28,10,5
11735291,410,12,8
11735475,33,8,5
11735563,5,5,3
11735563,39,9,4
11735595,1,2,0
11735595,17,8,4
11735595,25,8,4
11735595,29,8,4
11735651,9,6,3
11735651,27,8,4
11735651,43,9,6
11735771,23,7,4
11735771,81,9,5
11736551,1,2,0
11737479,33,8,4
11737479,509,14,9
11738023,3,4,1
11738023,347,13,8
11738079,1,2,0
11738079,49,9,6
11738948,68,10,5
11738948,576,14,9
11740716,167,12,6
11740716,1416,15,10
11741308,3,3,1
11741614,5,5,2
11743262,1,3,1
11744308,24,8,5
11745420,34,9,4
11746889,16,8,4
11747697,26,9,5
11750929,941,15,10
11753321,1367,17,10
11754313,8,5,2
11754313,707,14,9
11755625,874,18,9
11756405,65,11,6
11756677,3,4,2
11756853,67,12,6
11758420,7,6,3
11760276,74,10,5
11763829,15,7,3
11763829,75,11,6
11764101,6,7,3
11764101,247,12,8
11764253,76,10,5
11764253,80,10,5
11764397,12,6,3
11767120,186,11,7
11767120,936,14,9
11767120,1386,16,11
11767688,44,10,5
11768560,23,8,5
11768560,279,12,8
11768672,7,6,2
11768704,3,4,1
11768704,23,10,4
11768768,24,10,4
11769368,48,9,5
11775346,3,5,2
11776306,23,8,5
11777525,146,14,7
11779445,12,7,3
11782921,3,5,2
11784713,119,13,6
11784713,251,15,7
11784745,28,8,4
11785129,5,5,2
11785545,27,9,4
11786057,79,12,7
11790127,108,10,6
11792860,9,6,3
11793036,9,5,3
11795912,187,11,7
11795912,209,12,8
11800220,18,7,4
11802369,7,6,2
11803449,28,9,5
11805994,17,8,4
11806354,263,13,8
11807402,102,11,6
11808660,51,9,5
11808660,270,13,8
11809108,13,6,3
11809108,219,12,7
11809316,7,6,3
11811652,14,7,3
11812364,2,3,1
11812548,18,7,3
11813926,5,4,2
11813926,75,10,6
11814070,60,11,6
11814070,109,11,6
11814166,32,9,5
11814430,14,7,3
11816795,42,9,5
11819943,16,7,4
11820644,191,12,7
11820724,19,6,3
11821532,29,9,5
11822012,8,6,3
11822644,3,3,1
11824592,276,12,8
11827250,13,7,3
11828387,144,10,6
11830245,24,9,4
11831469,20,8,4
11836139,27,8,4
11837125,658,14,8
11841907,592,15,9
11843435,258,13,7
11843915,118,12,7
11844719,6,6,2
11850317,3,5,2
11851093,183,13,7
11852048,18,8,5
11852048,385,13,9
11852400,13,7,3
11856261,1235,16,9
11859463,6,5,2
11865144,12,7,4
11865831,130,11,7
11867223,73,9,5
11867223,249,13,7
11867223,727,16,9
11868209,893,18,9
11870361,14,7,4
11870361,24,7,4
11870361,644,15,8
11871649,23,9,4
11871649,456,15,9
11874364,328,15,8
11876546,24,10,4
11876546,901,16,9
11878991,28,8,5
11878991,68,8,5
11880152,147,11,7
11880152,1029,16,10
11882547,178,12,6
11886058,3,5,2
11886058,55,11,6
11887310,1173,16,10
11889222,968,15,10
11891854,2,3,1
11892006,10,6,3
11892357,19,8,3
11892357,179,13,8
11894483,829,17,10
11897018,8,5,2
11897018,193,14,8
11897018,659,15,8
11897018,1864,18,10
11897882,21,7,4
11899253,204,13,7
11901581,230,13,8
11908274,9,6,2
11910371,2,3,1
11910371,690,14,8
11911204,714,17,9
11913587,2300,17,10
11914603,11,5,3
11914603,21,8,4
11914603,237,13,7
11914691,41,10,5
11918849,10,8,3
11918969,4,5,2
11921274,18,8,4
11921778,268,12,7
11923813,61,10,6
11924653,364,14,8
11924893,146,11,6
11924893,238,12,8
11925133,78,12,6
11926475,6,5,3
11926475,344,14,8
11927943,109,11,6
11928087,28,9,5
11928271,28,8,5
11928863,99,10,6
11928895,25,10,4
11931905,134,15,7
11933641,94,12,7
11933881,50,9,5
11934089,18,8,4
11934297,107,13,7
11934361,26,10,5
11934929,28,9,5
11934985,20,8,4
11935049,10,8,4
11936609,25,9,4
11936609,27,9,4
11936609,115,12,7
11936609,131,12,7
11937073,225,13,7
11937073,437,15,9
11938139,32,9,5
11938139,344,12,7
11938139,346,12,7
11939011,19,7,3
11939011,787,15,9
11939920,721,16,9
11940400,16,7,3
11940400,18,7,5
11940400,22,7,5
11940400,52,10,6
11940400,62,10,6
11940400,156,11,6
11940848,163,12,7
11940848,209,12,7
11940848,347,14,8
11941472,173,11,7
11941472,249,12,7
11942284,166,12,8
11942284,180,12,8
11942492,21,7,4
11942492,163,12,7
11944679,2058,17,10
11945071,101,9,6
11948467,29,8,5
11949235,22,8,5
11949438,22,9,4
11949798,30,8,4
11949798,32,8,4
11950118,121,11,6
11950774,25,8,5
11950774,440,14,8
11951390,29,8,4
11951390,365,13,9
11951446,17,6,3
11952481,19,9,4
11952481,391,15,9
11954843,6,6,3
11954843,171,13,8
11954843,239,13,8
11954843,377,13,8
11954843,1394,16,10
11954843,2063,16,10
11955547,83,9,5
11955547,145,12,7
11955547,179,12,7
11955547,181,12,7
11955755,181,14,7
11956355,13,7,3
11956355,45,11,5
11956355,304,12,8
11956379,17,7,4
11956648,9,7,4
11956648,113,10,6
11956648,150,10,6
11956648,230,12,8
11958919,68,10,5
11958919,84,11,6
11958919,1975,15,10
11959551,151,15,7
11960767,229,11,8
11961071,137,11,7
11961755,231,12,8
11963698,438,15,9
11964330,22,8,4
11964330,305,14,8
11964682,14,8,4
11964682,24,8,4
11965314,79,13,6
11965314,249,12,8
11965458,9,6,2
11965458,11,7,3
11968634,1012,17,9
11968634,1600,19,10
11968634,1650,19,10
11969770,23,8,4
11969770,53,11,6
11969770,165,12,7
11970306,55,12,5
11970306,313,13,9
11970306,315,13,9
11970634,10,5,2
11970634,118,12,7
11970634,120,12,7
11971440,322,11,7
11971440,348,11,7
11971440,470,13,9
11972248,97,11,6
11972248,176,13,8
11972248,621,13,8
11972248,625,13,8
11973526,152,13,8
11973526,225,13,8
11973526,227,13,8
11973950,22,9,4
11973950,175,10,6
11973950,396,13,9
11975206,48,10,6
11975206,422,14,8
11975206,884,15,10
11975206,984,15,10
11975566,2,3,1
11975566,174,12,8
11975566,315,12,8
11975653,35,9,4
11976645,53,11,5
11976645,250,14,8
11976853,6,7,3
11976853,145,12,6
11977653,19,7,3
11977653,788,16,9
11978042,7,5,2
11978042,164,12,6
11978042,228,13,7
11979658,10,5,2
11979658,330,13,8
11980138,121,13,7
11980138,210,13,7
11980138,410,16,9
11980437,1,1,0
11980525,20,8,4
11980613,16,8,3
11980741,10,7,3
11981125,8,7,3
11981805,87,11,6
11982197,24,10,5
11982197,96,11,6
11982645,28,9,5
11982645,56,12,6
11983177,65,10,5
11983177,256,12,7
11984017,8,6,2
11984017,761,15,9
11984553,5,5,2
11984553,350,14,8
11985185,14,8,3
11987301,30,9,4
11987301,221,13,7
11987509,11,7,3
11989963,5,5,3
11989963,7,5,3
11989963,35,9,4
11989963,309,14,8
11990445,30,8,4
11990773,3,4,2
11990773,104,12,6
11990893,17,8,4
11990893,19,8,4
11990893,95,10,6
11991189,14,7,3
11991189,16,7,3
11992532,326,13,8
11992532,859,15,9
11992532,1315,15,9
11992892,125,11,6
11993524,23,8,5
11994772,24,9,5
11995316,26,8,5
11995316,176,11,6
11995972,31,9,4
11995972,166,11,7
11995972,432,13,9
11996668,19,8,4
11996668,559,13,9
11996756,17,6,3
11996756,79,9,5
11998189,643,16,9
11998189,645,16,9
11998189,679,16,9
11998189,681,16,9
11998189,801,16,9
11998189,1121,16,10
11998189,1123,16,10
11998189,1222,16,10
11998813,22,8,4
11998813,88,9,5
11998813,98,12,7
11998813,347,13,7
11998813,389,14,8
11999293,7,7,3
11999293,359,15,8
11999477,31,10,5
12000105,27,8,4
12000105,61,10,6
12000105,87,10,6
12000105,211,13,7
12000105,531,15,9
12000105,581,15,9
12000377,21,8,4
12000377,251,13,7
12000905,121,12,6
12000905,383,13,8
12001417,21,8,4
12001417,23,8,4
12001953,345,13,8
12002105,26,9,5
12002105,46,9,5
12002345,10,8,4
12002345,210,14,7
12002729,21,8,4
12004193,14,8,3
12004193,1057,17,10
12008018,9,6,2
12008018,176,12,7
12011095,31,9,5
12011095,1764,18,11
12011271,1,2,0
12011271,127,12,6
12015517,2,5,2
12015605,32,10,5
12017339,22,8,4
12018659,32,8,4
12019460,1,3,1
12019460,373,13,9
12020564,164,12,7
12021342,152,11,7
12021910,4,4,2
12021910,6,4,2
12021910,48,9,5
12022270,2,3,1
12022270,48,11,5
12022294,18,6,3
12023198,26,8,4
12023462,22,7,3
12025558,31,9,5
12025558,1827,19,11
12025678,41,8,4
12027768,28,9,5
12027824,2,3,1
12028729,28,9,5
12028729,36,9,5
12029265,12,7,3
12029321,30,9,4
12030433,598,14,9
12031266,16,8,3
12031266,478,14,9
12031506,10,6,2
12031506,96,12,6
12035418,240,13,7
12035778,13,8,3
12037122,25,10,4
12037122,149,16,7
12037690,24,8,4
12038409,31,9,4
12039185,19,9,5
12039393,19,9,4
12039689,128,13,6
12041176,439,14,8
12041448,123,11,7
12042528,23,9,4
12043298,99,11,6
12043298,219,13,7
12044977,1467,17,10
12045633,11,8,3
12045665,9,6,2
12049180,12,6,3
12049596,32,9,5
12050031,140,11,7
12050031,282,12,7
12050159,3,4,1
12052127,746,14,10
12052423,5,5,2
12052927,21,10,4
12053887,9,8,3
12054303,13,8,3
12055408,25,8,5
12055408,522,13,9
12055736,299,13,8
12056392,477,14,9
12058509,6,6,3
12058509,86,12,6
12061007,1405,16,10
12063066,20,7,4
12063066,661,16,9
12064355,21,8,4
12065307,3,3,1
12067666,25,9,5
12067666,101,12,7
12069002,4,5,2
12069514,22,8,4
12069514,1168,16,10
12070442,1,2,1
12073337,20,8,4
12073607,4,5,2
12076290,159,15,7
12077394,6,5,2
12078671,16,8,5
12078671,201,11,7
12079031,14,7,4
12080760,616,13,8
12081544,2,3,1
12081560,20,6,4
12082064,21,8,5
12082064,243,12,8
12082128,27,8,5
12082240,4,4,1
12082240,20,10,4
12083140,292,13,8
12083732,4,3,1
12083732,367,15,8
12083732,393,15,8
12084748,528,14,10
12084844,23,8,4
12085404,32,9,5
12086421,14,7,3
12086421,16,7,3
12092046,1,3,1
12092046,19,7,4
12092046,370,12,8
12095683,25,9,4
12096747,4,5,3
12097075,20,8,5
12103790,26,7,4
12107189,128,12,6
12108261,27,9,4
12108997,17,8,3
12110094,29,7,4
12110094,31,8,4
12111670,1039,17,10
12115321,32,10,5
12117185,7,6,2
12117873,15,7,3
12117873,685,15,9
12117937,5,5,2
12118177,8,6,2
12118529,23,10,4
12118737,3,5,2
12119420,16,8,4
12119444,12,6,3
12119508,5,6,3
12120252,8,6,3
12120252,12,6,3
12120340,14,6,3
12120372,32,8,5
12120404,1,3,1
12120428,3,3,1
12120460,26,8,4
12120492,14,8,4
12120516,20,7,3
12120612,6,6,3
12120612,8,6,3
12120668,13,7,4
12120668,31,9,5
12120700,27,8,4
12120756,25,8,5
12121116,9,6,3
12121946,3,5,2
12121946,169,13,7
12121978,19,8,4
12122154,21,8,4
12122154,105,11,6
12122482,2,2,1
12122666,17,8,4
12122842,8,5,2
12122842,10,5,2
12122930,4,5,2
12123106,13,8,3
12123106,19,9,4
12123170,30,9,4
12125902,21,7,4
12128271,2284,20,11
12128623,19,8,5
12133026,624,13,8
12133298,242,14,8
12134106,3,5,2
12134962,9,6,2
12135733,4,4,2
12136269,9,6,3
12136389,15,8,3
12137013,19,7,3
12138769,15,7,3
12139633,30,9,5
12139873,3,5,2
12140429,231,13,8
12141229,4,5,2
12141229,22,8,4
12141677,9,6,3
12141853,31,9,5
12141909,16,7,3
12142981,6,7,3
12142981,189,12,8
12143093,14,7,3
12143093,20,7,3
12145185,38,10,6
12145561,22,7,4
12145593,12,8,4
12147283,518,14,8
12147371,24,8,4
12149921,214,13,8
12152658,169,12,7
12152658,171,12,7
12156775,364,15,9
12157791,22,9,4
12160456,9,7,4
12162294,22,6,3
12163510,10,6,3
12164586,21,8,4
12167190,65,10,5
12167190,571,18,9
12168534,28,9,5
12168534,184,12,7
12171038,363,13,9
12172790,9,6,3
12173182,23,9,4
12173270,21,6,3
12173326,25,7,4
12173865,154,12,6
12174305,6,6,2
12174577,12,7,3
12174785,5,5,2
12175081,71,11,6
12175649,26,9,4
12178916,24,8,4
12178916,463,13,8
12179068,4,3,1
12179244,17,8,4
12179244,36,8,4
12181008,29,8,5
12181216,168,10,7
12182941,274,12,8
12184725,22,10,5
12184725,729,16,9
12186059,420,13,8
12188088,17,7,4
12188360,167,10,7
12189488,251,12,7
12189488,253,12,7
12190084,52,11,5
12191276,3,3,1
12193057,109,11,6
12193769,510,17,9
12193865,16,8,4
12197216,1139,14,9
12198528,11,8,3
12198616,15,6,4
12198912,13,8,3
12200722,809,16,10
12202255,16,8,5
12202255,122,11,6
12202255,204,12,7
12202503,8,7,4
12202503,200,14,7
12202831,17,8,5
12202895,5,6,2
12202927,29,7,5
12203183,16,7,5
12203183,18,7,5
12203455,32,11,5
12203455,52,11,5
12203479,10,6,4
12203599,25,8,5
12203751,5,5,2
12204725,51,9,5
12206973,76,12,6
12207237,20,8,3
12207413,19,7,3
12207821,18,8,4
12210908,29,9,5
12210908,31,9,5
12211140,3,3,1
12213338,29,10,5
12219470,2,3,1
12221222,39,10,6
12221966,24,7,4
12222502,19,7,3
12226169,4,5,2
12232180,28,9,5
12236069,5,4,2
12236717,5,5,2
12236989,2,5,2
12237341,10,7,3
12237851,189,14,7
12237971,9,6,3
12238387,5,6,3
12238387,21,8,5
12238803,14,6,3
12238803,16,6,3
12239923,10,6,3
12240731,2,3,1
12240755,20,9,5
12240875,28,8,4
12240963,4,6,3
12241259,24,8,4
12241795,13,7,3
12242091,16,8,4
12244265,29,8,4
12244990,137,15,7
12244990,218,15,7
12245190,27,9,4
12245254,11,6,3
12245342,28,8,4
12245374,13,7,3
12245374,19,9,4
12245462,29,9,5
12245494,3,4,2
12245550,16,7,4
12245582,16,7,4
12245582,26,7,4
12245582,32,8,4
12245638,30,9,4
12250279,19,7,4
12252130,47,10,6
12253386,26,8,4
12253770,18,8,4
12253770,20,8,4
12254074,22,8,4
12255256,4,4,1
12255704,23,6,4
12255968,4,4,1
12257698,29,9,4
12261393,76,10,5
12261817,26,9,5
12262145,5,5,2
12262145,65,12,5
12263009,22,9,4
12263129,11,7,4
12263697,14,7,3
12264055,144,11,7
12264383,23,10,4
12264471,13,6,4
12264863,22,9,4
12265991,27,8,4
12266023,19,7,4
12266111,21,10,4
12266443,123,12,7
12266651,4,6,3
12266771,21,9,5
12266891,1,2,0
12267187,10,6,3
12268299,30,9,4
12268299,1094,16,10
12268565,4,4,2
12268685,22,8,4
12268773,2,4,2
12268925,12,7,3
12269253,12,7,3
12269493,24,9,5
12269525,10,7,3
12269757,338,13,8
12269965,20,8,4
12272089,583,16,9
12273257,18,8,4
12273313,3,5,2
12273347,1678,15,10
12274067,28,9,5
12274875,50,9,5
12275555,19,7,3
12275619,7,6,3
12275707,21,8,4
12277434,3,5,2
12277466,19,7,4
12278387,234,12,7
12279523,20,8,4
12279619,25,9,4
12279675,4,6,3
12280123,8,6,3
12281433,5,5,2
12281649,30,8,5
12282393,566,16,10
12282393,568,16,10
12282457,8,5,2
12282673,3,5,2
12282809,21,8,4
12283258,32,10,5
12283762,6,5,2
12283914,1,2,1
12285557,35,10,5
12286693,1,1,0
12286909,5,5,2
12288990,6,5,2
12289142,1,3,1
12290258,6,5,2
12291362,8,6,2
12291650,12,8,3
12291826,11,7,3
12293558,1,3,1
12293798,31,8,4
12295035,8,6,3
12295139,14,7,3
12295507,3,3,1
12296243,8,6,3
12296515,2,3,1
12296635,11,6,3
12297202,117,13,7
12297202,253,15,8
12297826,1,2,1
12297850,23,8,4
12298274,2,2,1
12298434,8,6,2
12299106,21,9,4
12299194,21,8,4
12299466,15,8,4
12300383,14,8,3
12301191,20,7,4
12303708,23,7,4
12307012,69,11,7
12307340,12,5,3
12309108,11,6,3
12309181,3,5,2
12309413,237,14,8
12309413,253,14,8
12311517,5,5,2
12312040,247,13,8
12312040,574,14,9
12312040,1509,14,9
12312040,1946,17,11
12312040,2046,17,11
12312040,2217,17,11
12312040,2350,17,11
12312040,2385,17,11
12313926,62,10,5
12313926,1337,14,9
12316315,250,13,8
12316315,788,16,10
12316315,1374,16,10
12318708,836,17,9
12318708,2196,16,11
12321090,1632,17,10
12321090,2194,17,10
12323474,1111,16,10
12323474,2349,16,10
12325859,218,12,7
12325859,600,15,9
12325859,1787,15,10
12328251,1799,17,11
12330259,4,6,3
12330619,3,3,1
12330820,2,3,1
12332420,1,3,1
12333050,260,16,8
12333050,1723,20,10
12333050,1894,20,10
12333050,2672,21,11
12333050,3342,21,11
12333050,3989,21,11
12333050,4593,17,12
12334962,5,5,2
12335417,814,15,9
12337822,1692,15,10
12339350,6,4,2
12340473,3,5,2
12341081,563,16,9
12341081,1035,18,10
12341081,1332,18,10
12341081,2059,19,11
12341081,2599,19,11
12341081,2974,19,11
12342572,1396,18,11
12342572,1398,18,11
12347352,3,4,1
12349737,400,15,9
12352126,1937,14,10
12354514,577,15,9
12357258,2232,17,11
12357626,3,5,2
12357746,7,6,2
12359924,6,6,3
12361687,143,12,7
12361687,1541,18,10
12362111,2,4,1
12363751,4,5,2
12364073,2230,17,10
12366452,579,14,8
12366452,591,14,8
12366940,2,3,1
12367108,8,6,3
12367140,2,3,1
12367140,6,6,3
12367172,4,3,1
12367172,18,7,3
12367988,4,3,1
12369006,5,5,2
12369318,3,4,2
12369374,3,5,2
12369414,7,6,3
12370022,7,6,3
12370070,5,4,2
12371094,7,6,3
12371094,895,15,9
12371094,1956,17,11
12371094,3186,17,11
12371094,3375,18,11
12371094,3637,18,11
12371094,3723,18,11
12371812,5,6,3
12372276,4,3,1
12373601,1189,16,10
12376002,658,15,9
12376002,660,15,9
12378655,5,6,2
12378655,2191,15,10
12380898,3,5,2
12380898,165,11,7
12380898,205,11,7
12380898,231,13,8
12381042,1,2,1
12381042,73,10,6
12381042,77,10,6
12382762,8,5,2
12382762,23,8,4
12382762,816,16,10
12382762,1289,16,10
12382762,1571,16,10
12383795,4,6,3
12383795,21,8,5
12383795,27,8,5
12383795,154,12,6
12385535,1649,15,11
12387924,1557,15,10
12387924,1581,15,10
12387924,2378,18,11
12390310,1102,17,10
12392848,8,6,2
12392848,534,14,9
12392848,879,14,9
12392848,1645,16,10
12392848,1647,16,10
12395096,76,9,5
12395096,953,16,10
12395096,1926,17,10
12396376,4,4,1
12396376,64,9,5
12396376,560,15,9
12396376,1050,16,10
12399983,2,4,1
12401735,8,7,4
12402709,5,4,2
12403205,2,4,2
12403709,6,7,3
12403741,8,7,3
12408845,5,5,2
12408845,1306,20,10
12409605,6,7,3
12409605,392,13,9
12409605,486,13,9
12412621,4,5,2
12413181,8,7,3
12413181,522,13,8
12414137,835,16,9
12415465,2,5,2
12421314,965,16,9
12423702,55,10,5
12424646,6,4,2
12428489,62,10,5
12428489,2199,18,11
12428841,6,5,2
12429481,4,5,2
12429481,134,11,6
12430891,1055,16,10
12435219,7,6,3
12435219,1488,16,10
12435219,1686,16,10
12435740,1,3,1
12438063,468,14,8
12438063,853,15,10
12438063,989,15,10
12438063,1537,15,10
12439575,2,4,1
12439575,296,16,8
12439575,613,18,9
12439575,733,18,9
12440103,6,5,2
12440103,381,14,8
12440383,4,6,2
12440383,63,11,5
12442301,1,1,0
12442301,1059,16,10
12443030,5,4,2
12445241,1439,15,10
12445241,1443,15,10
12445241,2026,18,11
12447632,1204,16,10
12450294,686,14,9
12450294,688,14,9
12453185,2,5,2
12453185,276,11,7
12454795,253,13,8
12454795,367,13,8
12454795,626,14,9
12456867,5,6,3
12456867,774,14,9
12456867,1394,16,10
12458270,7,7,3
12458566,7,6,3
12459586,755,15,10
12459586,757,15,10
12464384,1856,15,10
12465848,636,13,8
12466560,7,6,2
12466560,175,10,8
12467255,2,4,1
12467959,1,2,0
12468479,40,12,5
12468479,42,12,5
12468479,377,12,9
12469791,284,12,7
12470495,8,8,3
12470495,680,13,8
12471423,2,4,1
12471861,6,7,3
12471861,126,13,6
12471949,6,6,3
12471949,42,9,4
12475123,3,3,1
12475123,195,12,7
12481133,2252,18,10
12481469,6,7,3
12481469,28,9,4
12483530,1246,16,10
12483954,4,5,2
12485306,1,2,1
12487013,7,7,3
12487013,1036,17,9
12490401,737,15,10
12490719,73,9,6
12491871,7,6,2
12491871,728,15,9
12493116,141,11,6
12495510,800,16,10
12502322,9,6,2
12502322,1778,18,11
12505090,1080,22,10
12509183,2,4,1
12509183,1126,22,10
12509279,8,8,3
12509881,592,14,8
12511001,4,5,2
12511577,14,7,4
12511577,16,7,4
12513615,4,6,2
12513615,517,14,9
12514439,2,4,1
12514439,6,5,2
12514439,522,13,8
12518675,6,6,3
12518675,718,14,9
12523674,8,5,2
12526663,286,12,7
12532774,7,6,3
12533262,3,5,2
12533262,5,5,2
12533928,8,5,2
12534728,7,5,2
12535248,14,7,3
12535568,72,9,5
12535584,1,3,1
12535992,73,10,6
12536064,3,4,1
12537775,3,4,1
12537831,5,5,2
12537831,1474,18,10
12538859,3,3,1
12538859,373,15,8
12538955,7,5,3
12539043,7,6,3
12539563,3,3,1
12539883,1,2,0
12541305,4,5,2
12545827,709,14,9
12547547,13,7,4
12547547,973,15,9
12548609,1,1,0
12548609,45,12,5
12548961,293,12,7
12549617,7,6,2
12549617,379,14,8
12550992,56,8,5
12550992,58,8,5
12551392,2,3,1
12552120,1,3,1
12554386,6,5,2
12554386,413,14,8
12554386,767,16,9
12555258,3,5,2
12555258,492,16,8
12555258,498,16,8
12555258,510,17,9
12555531,7,5,3
12555531,67,11,5
12555531,214,14,7
12555531,216,14,7
12556339,29,8,5
12556339,35,8,5
12556339,633,18,9
12559496,9,7,4
12559496,454,13,8
12559616,27,10,4
12559616,29,10,4
12562777,8,5,2
12564361,8,5,2
12564417,4,5,2
12564465,6,6,2
12564985,338,15,8
12565681,1,1,0
12566769,3,5,2
12566769,1002,16,9
12567313,2,5,2
12567390,5,5,2
12567566,1,3,1
12569830,2081,16,11
12573979,6,6,3
12574475,14,8,4
12574475,16,8,4
12574491,12,7,4
12574491,16,7,4
12574864,14,7,3
12577338,3,5,2
12577338,317,15,8
12580597,7,7,3
12583410,3,5,2
12583570,1,2,1
12583570,87,11,6
12583922,1,2,1
12590147,5,6,3
12591406,8,6,3
12591518,7,7,3
12594788,1,3,1
12594788,3,3,1
12596382,236,12,8
12596382,238,12,8
12598222,1,3,1
12598890,24,8,4
12598890,68,10,6
12598890,304,14,7
12600330,6,5,2
12608087,671,16,10
12608471,1,2,0
12610547,7,6,3
12610635,4,5,3
12610931,144,12,7
12611571,8,6,3
12612043,2,3,1
12612043,4,5,3
12615086,1490,18,11
12615282,2,2,1
12617934,236,13,8
12617934,238,13,8
12622436,4,3,1
12622959,7,6,2
12623447,4,5,2
12625972,33,8,5
12627044,6,6,3
12632221,7,7,3
12634446,6,5,2
12641460,25,8,5
12641460,79,11,6
12641781,1,1,0
12641837,7,6,3
12643109,30,9,4
12643109,636,14,9
12643125,6,7,3
12643213,3,5,2
12643213,78,12,6
12644346,14,8,4
12644378,2,2,1
12644426,4,5,2
12646720,267,10,7
12648901,4,4,2
12650973,6,7,3
12650973,135,12,7
12651037,1,1,0
12653334,1,3,1
12653334,281,13,9
12653923,266,12,7
12655827,7,6,3
12656184,8,5,2
12656288,7,6,2
12661116,4,3,1
12661116,6,6,3
12661908,6,6,3
12662052,21,8,4
12662052,23,8,4
12663681,209,12,8
12667980,373,15,8
12668868,2,3,1
12668868,359,13,8
12669060,5,6,3
12669332,1,3,1
12669332,81,10,5
12670401,452,14,9
12672377,8,5,2
12672377,1438,18,11
12672745,5,5,2
12672852,8,6,3
12675433,76,10,6
12675513,12,8,4
12675513,18,8,4
12676001,6,6,2
12678765,6,6,3
12678885,8,7,3
12683261,329,17,8
12685228,5,5,3
12686164,4,3,1
12689553,637,14,8
12692174,4,5,2
12692174,930,16,10
12698197,2,4,2
12706736,1,3,1
12714597,5,4,2
12714701,8,6,3
12714893,7,6,3
12715821,2,5,2
12717340,5,6,3
12720419,4,6,3
12724650,8,5,2
12725818,1,2,1
12725922,1,2,1
12726034,3,5,2
12726226,3,5,2
12726306,5,5,2
12727306,5,5,2
12727306,7,5,2
12728521,11,8,4
12728521,13,8,4
12728521,497,15,8
12731791,1,2,0
12732055,13,6,4
12734055,6,5,2
12735146,3,5,2
12738969,2,5,2
12739917,488,15,9
12741797,6,7,3
12741797,66,11,6
12741797,80,11,6
12741797,843,16,9
12745237,7,7,3
12746333,1,1,0
12747137,8,6,2
12747569,3,5,2
12747657,7,5,2
12747657,23,8,4
12747985,3,5,2
12748489,6,5,2
12748657,3,5,2
12748921,1,1,0
12749510,530,13,8
12750678,1035,17,10
12752514,1,2,1
12754138,3,5,2
12754769,2,5,2
12756820,2,3,1
12756820,1010,16,10
12757892,4,3,1
12759255,6,5,2
12759255,1303,19,10
12759423,6,6,2
12759519,4,6,2
12760471,8,6,4
12761175,15,6,4
12761191,1,2,0
12761239,3,4,1
12763353,10,7,4
12763713,6,6,2
12765165,4,5,2
12765205,4,4,2
12765245,8,7,3
12766502,1,3,1
12766534,17,7,3
12766766,3,5,2
12766766,5,5,2
12766854,8,6,3
12767030,4,4,2
12767046,4,4,2
12767142,6,4,2
12767262,2,3,1
12768198,5,4,2
12768198,529,14,9
12768470,4,4,2
12768748,5,5,3
12768796,5,6,3
12770372,6,6,3
12770804,3,3,1
12770820,7,6,3
12770828,7,5,3
12771537,2,5,2
12774078,2,3,1
12774078,1926,15,10
12775294,9,7,3
12775494,3,4,2
12775566,2,3,1
12777356,1057,16,10
12778084,7,6,3
12779519,4,6,2
12780575,8,8,3
12781195,3,3,1
12781267,1,2,0
12781931,5,5,3
12782667,7,5,3
12783048,105,11,7
12784072,3,4,1
12784072,775,14,9
12784072,851,14,9
12784152,1,3,1
12786142,3,5,2
12786142,307,12,8
12786142,402,12,8
12786142,404,12,8
12786142,480,14,9
12786142,1084,15,9
12786142,1764,16,10
12787470,6,5,2
12787470,793,15,10
12787470,1247,15,10
12787622,4,4,2
12787987,2,3,1
12788395,6,5,3
12788843,5,5,3
12789267,6,6,3
12789419,2,3,1
12789699,1,2,0
12789803,1,2,0
12790343,2,4,1
12790751,5,6,2
12790751,176,11,7
12791191,7,5,2
12793091,4,6,3
12795373,4,5,2
12795485,8,7,3
12795661,7,6,3
12795885,75,11,6
12795885,85,11,6
12796325,4,4,2
12797117,2,5,2
12797117,736,15,9
12797365,3,4,2
12798456,7,5,2
12798808,7,5,2
12799168,4,4,1
12801462,1361,16,9
12801814,143,12,6
12802142,5,5,2
12802722,7,6,2
12804482,7,6,2
12804482,768,14,9
12805360,5,6,2
12810312,6,5,2
12812462,15,7,4
12815137,7,6,2
12815457,3,5,2
12815729,4,5,2
12817229,5,5,2
12817277,3,5,2
12817381,7,7,3
12817413,5,4,2
12818037,4,4,2
12819816,7,5,2
12821639,139,12,8
12821639,141,12,8
12823575,9,6,4
12824614,1,3,1
12824910,9,6,3
12824942,15,7,4
12825574,6,4,2
12826937,1,1,0
12828740,1,3,1
12829268,3,3,1
12829268,87,12,7
12829492,4,3,1
12829916,4,3,1
12832882,12,7,3
12832882,14,7,3
12833090,10,6,2
12834717,2,5,2
12838712,5,5,2
12840320,1,3,1
12840320,1251,13,9
12842238,1,3,1
12842270,1,3,1
12842270,182,12,7
12842270,184,12,7
12842398,10,7,3
12842646,5,4,2
12842710,1,3,1
12842814,7,7,3
12842822,1,3,1
12842830,1,3,1
12842886,2,3,1
12843558,8,6,3
12844094,1,3,1
12845988,5,6,3
12845988,259,13,8
12849028,6,6,3
12854346,57,10,5
12854346,322,13,7
12857121,5,5,2
12858567,5,5,2
12858647,4,5,2
12859655,8,7,4
12859775,4,6,2
12862687,425,12,8
12863367,8,7,4
12863455,2,4,1
12864887,112,10,6
12867439,3,4,1
12867479,5,5,2
12869343,1555,15,10
12871039,4,6,2
12871455,4,6,2
12871455,52,9,6
12871455,54,9,6
12872156,5,6,3
12872460,187,14,7
12872460,195,14,7
12873540,258,11,7
12873540,939,16,10
12875062,5,4,2
12875334,3,4,2
12880410,5,5,2
12881026,7,6,2
12881050,5,5,2
12882258,6,5,2
12882258,143,12,7
12885602,5,5,2
12886218,5,5,2
12886282,1,2,1
12886314,3,5,2
12886482,3,5,2
12886690,5,5,2
12886778,2,2,1
12890866,1,2,1
12892930,3,5,2
12898025,13,8,4
12898025,415,14,8
12898921,139,13,7
12898921,141,13,7
12899553,5,5,2
12900465,3,5,2
12901055,8,8,3
12901559,2,4,1
12907880,3,4,1
12907960,8,5,2
12913365,6,7,3
12914101,3,4,2
12914653,4,5,2
12915243,8,5,3
12916427,6,5,3
12921596,2,3,1
12924547,3,3,1
12924547,122,12,6
12927507,6,6,3
12935429,10,7,3
12935429,12,7,3
12936458,817,14,9
12937298,6,5,2
12937298,40,9,5
12937722,1,2,1
12937722,186,14,7
12941253,1180,17,10
12941725,4,5,2
12941941,6,7,3
12942373,4,4,2
12942381,4,5,2
12942493,6,7,3
12943928,4,4,1
12943928,8,5,2
12946190,7,6,3
12946446,4,5,2
12950174,1277,15,10
12951198,7,7,3
12951334,6,4,2
12951374,4,5,2
12958233,5,5,2
12958625,2,5,2
12958625,275,13,8
12958881,11,8,3
12958881,13,8,3
12958881,117,10,6
12959929,8,5,2
12959929,556,15,8
12960920,6,5,2
12966328,4,4,1
12967958,10,6,3
12970249,5,5,2
12971473,4,5,2
12972416,674,13,9
12972856,2,3,1
12974896,4,4,1
12974936,6,5,2
12974936,30,9,5
12974936,1264,17,10
12976096,8,6,2
12984403,2030,19,10
12987065,2,5,2
12987129,5,5,2
12987137,1,1,0
12987569,2,5,2
12987625,2,5,2
12987897,3,5,2
12987897,150,14,7
12995716,6,6,3
12997108,2,3,1
13000935,5,5,2
13001254,5,4,2
13001670,3,4,2
13001710,3,5,2
13001910,6,4,2
13002078,8,7,3
13002534,3,4,2
13002534,5,4,2
13003585,877,16,10
13007440,12,7,3
13007904,41,9,6
13007928,17,7,4
13008080,1,3,1
13011550,6,5,2
13012646,5,4,2
13012694,7,6,3
13012742,5,4,2
13012830,1,3,1
13012838,1,3,1
13012870,6,4,2
13013213,1,1,0
13013325,1,1,0
13013381,2,4,2
13013613,1,1,0
13014261,14,7,3
13021646,5,5,2
13022662,7,6,3
13023782,4,4,2
13024782,14,6,3
13025118,5,5,2
13026118,2,3,1
13027502,4,5,2
13027550,6,5,2
13027869,7,7,3
13027941,5,4,2
13028037,6,7,3
13028709,7,7,3
13029325,11,6,3
13029325,13,6,3
13029509,5,4,2
13029517,1,1,0
13029517,3,5,2
13029717,14,7,3
13030013,5,5,2
13030629,6,7,3
13030789,5,4,2
13033180,3,3,1
13033884,13,7,4
13033884,15,7,4
13040322,7,6,2
13041010,6,5,2
13043354,7,5,2
13043490,1,2,1
13045970,6,5,2
13046002,13,7,3
13046226,91,12,7
13048090,5,5,2
13052153,4,5,2
13053185,21,10,4
13057728,13,8,3
13057728,15,8,3
13058776,169,11,7
13058776,231,14,8
13058776,886,17,10
13058880,5,6,2
13058880,51,11,5
13058944,7,6,2
13060368,3,4,1
13060368,910,14,9
13061160,7,5,2
13061160,781,16,9
13061696,4,4,1
13061696,152,10,7
13062088,5,5,2
13062160,7,6,2
13062352,5,6,2
13062456,7,5,2
13064136,47,9,5
13066336,3,4,1
13066696,1,3,1
13069983,134,9,6
13074193,878,16,10
13074193,1009,16,10
13074193,1032,16,10
13074193,1117,16,10
13074193,1430,16,10
13074505,5,5,2
13074505,81,12,7
13074545,7,6,2
13075073,4,5,2
13075073,453,12,8
13077857,6,6,2
13077857,1087,15,9
13077968,2,3,1
13077968,11,7,3
13077968,13,7,3
13078208,6,6,2
13078208,8,6,2
13078392,1,3,1
13078392,3,4,1
13080312,8,5,2
13080312,1919,17,11
13081735,25,8,4
13083607,7,5,2
13083663,15,7,3
13084687,2,4,1
13084687,12,7,3
13084687,317,15,8
13084695,2,4,1
13084871,1,2,0
13084871,3,4,1
13085047,3,4,1
13085834,579,14,8
13085834,606,14,8
13086130,7,6,2
13086418,5,5,2
13088742,1,3,1
13088742,3,4,2
13088742,100,10,6
13088742,283,14,8
13088742,1744,17,10
13089944,268,13,8
13090648,8,5,2
13091240,2,3,1
13091240,303,12,8
13092112,4,4,1
13092288,11,8,3
13094359,7,5,2
13094359,741,15,9
13094966,4,4,2
13095854,11,6,3
13095854,63,10,6
13098782,955,15,10
13098782,959,15,10
13098782,1406,15,10
13098782,1714,15,10
13098782,2839,17,11
13101429,1,1,0
13101429,435,16,9
13101429,1996,18,10
13101429,2429,20,12
13101429,2443,20,12
13102916,11,6,3
13102916,503,14,9
13102916,1216,16,10
13103980,6,5,3
13104036,7,6,3
13104545,6,6,2
13104689,6,6,2
13104905,1,1,0
13104905,216,14,7
13105625,101,13,7
13105625,167,13,7
13105625,499,16,9
13106697,1,1,0
13106697,7,5,2
13106697,985,15,10
13108929,3,5,2
13108929,1847,18,11
13109631,146,10,8
13109631,329,10,8
13111535,1069,15,9
13112095,3,4,1
13113934,605,15,10
13114222,58,9,6
13114222,64,9,6
13115406,3,5,2
13115406,1088,20,10
13116222,4,5,2
13116222,380,12,9
13116446,7,7,3
13117326,4,5,2
13117326,169,12,8
13117862,6,4,2
13118118,6,4,2
13119044,5,6,3
13121132,1580,16,10
13121708,13,8,4
13121708,15,8,4
13122060,11,5,3
13122100,3,3,1
13122148,7,6,3
13122180,7,6,3
13122196,5,6,3
13122252,4,3,1
13122284,22,8,4
13122924,6,5,3
13122924,614,16,9
13123140,6,6,3
13123172,8,6,3
13123212,6,5,3
13123396,4,3,1
13126771,1,2,0
13127075,10,6,3
13127075,12,7,3
13128331,209,13,8
13129027,22,9,4
13129027,247,11,7
13129179,2,3,1
13129731,173,15,7
13129731,175,15,7
13129731,360,17,8
13130203,16,7,4
13130291,4,6,3
13130395,2,3,1
13130866,5,5,2
13130866,59,10,6
13132050,9,6,2
13132402,8,6,2
13133410,167,12,7
13133410,169,12,7
13133690,5,5,2
13133810,36,9,5
13134210,7,6,2
13135817,6,5,2
13136369,92,11,6
13136649,4,5,2
13136817,5,5,2
13136873,4,5,2
13137473,3,5,2
13139176,5,5,2
13139704,1,3,1
13140735,5,6,2
13141903,4,6,2
13141903,6,6,2
13142031,8,7,3
13142111,6,6,2
13142199,4,5,2
13142487,8,6,4
13142679,1,2,0
13144247,8,7,4
13144303,22,8,5
13149126,1141,15,10
13149126,1402,15,10
13149126,1442,15,10
13149230,1,3,1
13149310,3,5,2
13149974,529,14,9
13152086,2,3,1
13152086,1874,17,10
13152325,203,13,7
13153165,6,6,3
13153165,772,14,9
13156117,6,7,3
13156117,231,14,7
13156165,6,7,3
13156525,6,6,3
13156525,52,11,6
13157125,342,13,9
13159037,252,11,7
13159037,660,15,10
13159037,941,15,10
13159269,6,7,3
13159269,74,10,6
13160365,6,6,3
13161189,8,7,3
13161453,7,6,3
13163043,5,6,3
13163043,832,15,10
13169305,2,5,2
13169401,12,8,4
13170537,6,5,2
13170905,5,5,2
13171457,494,12,9
13172457,8,5,2
13173145,220,13,8
13173145,226,13,8
13173145,624,16,9
13174614,5,4,2
13175014,8,6,3
13175174,6,4,2
13175246,4,5,2
13175246,6,5,2
13175246,8,6,3
13175470,7,6,3
13176972,7,5,3
13176972,1786,18,10
13176972,2285,19,11
13178436,1202,14,10
13179572,1,3,1
13181436,8,6,3
13182924,14,8,4
13185692,1289,16,10
13186580,3,3,1
13187300,2,3,1
13187356,6,6,3
13187412,5,6,3
13187508,7,6,3
13187940,3,3,1
13188140,6,5,3
13188276,6,6,3
13188938,2,2,1
13188938,171,12,7
13188938,177,12,7
13188938,181,12,7
13188938,191,12,7
13189610,5,5,2
13189610,622,15,9
13192513,6,6,2
13193433,175,12,7
13193465,6,5,2
13193537,8,6,2
13193593,4,5,2
13194273,30,9,4
13196480,4,4,1
13196616,10,7,4
13196768,20,9,4
13197120,2,3,1
13197448,3,4,1
13197448,141,12,8
13197792,11,8,3
13198016,2,3,1
13198016,52,11,5
13198280,2,3,1
13198280,4,4,1
13198280,17,7,4
13199880,6,5,2
13200200,8,5,2
13200358,4,4,2
13200414,5,5,2
13200414,491,15,8
13200414,702,16,9
13200414,877,16,9
13200414,2122,14,11
13201206,4,4,2
13202206,4,5,2
13202206,543,12,9
13202206,887,15,10
13202398,1,3,1
13202446,5,5,2
13202957,4,5,2
13203317,1,1,0
13205260,616,14,9
13211322,6,5,2
13213521,7,6,2
13215393,3,5,2
13216537,6,5,2
13217881,1,1,0
13218241,6,6,2
13218745,7,5,2
13219217,6,6,2
13227519,130,16,7
13227519,154,16,7
13227519,479,17,8
13234891,54,10,5
13234891,1907,18,10
13235971,3,3,1
13236619,7,5,3
13237811,1,2,0
13242459,1,2,0
13243963,4,6,3
13245936,8,6,2
13245936,579,13,9
13246376,5,5,2
13246376,216,13,8
13248296,498,14,9
13249016,6,5,2
13249016,186,13,7
13249104,5,6,2
13250272,2,3,1
13250968,3,4,1
13251440,3,4,1
13251592,3,4,1
13251840,6,6,2
13254856,6,5,2
13256160,6,6,2
13256280,8,5,2
13256496,7,6,2
13256744,5,5,2
13258239,2,4,1
13258239,115,14,6
13260215,8,7,4
13260215,662,15,9
13260615,6,5,2
13260695,6,5,2
13261623,1,2,0
13262671,2,4,1
13262691,450,15,9
13264235,4,5,3
13264571,4,6,3
13265075,13,6,3
13265833,8,5,2
13266305,7,6,2
13269176,705,16,9
13273151,4,6,2
13273719,6,5,2
13275110,3,4,2
13275118,3,5,2
13275286,4,4,2
13275302,5,4,2
13275542,1,3,1
13275726,6,5,2
13275814,2,3,1
13275846,6,4,2
13276422,8,6,3
13276502,6,4,2
13276902,5,4,2
13277254,7,6,3
13287161,8,5,2
13289617,321,13,8
13289617,610,14,8
13289617,1005,16,9
13289617,1320,17,10
13289857,6,6,2
13290161,4,5,2
13290433,7,6,2
13290433,50,11,5
13290777,2,5,2
13290777,340,15,9
13291855,4,6,2
13293863,1190,15,9
13295591,8,7,4
13295647,8,8,3
13298415,7,6,2
13298415,2059,15,10
13298503,4,5,2
13299111,4,5,2
13299167,8,8,3
13299487,9,8,3
13299487,145,10,6
13301071,989,14,9
13303047,8,7,4
13303247,4,6,2
13304262,3,4,2
13304342,8,6,3
13304390,6,4,2
13304646,7,6,3
13304774,7,6,3
13306694,1,3,1
13310661,1168,17,10
13313893,359,16,9
13314117,10,7,3
13314117,46,11,5
13317037,8,6,3
13317677,3,5,2
13317717,3,4,2
13318043,4,6,3
13318611,5,6,3
13319291,10,6,3
13319291,365,12,7
13319339,4,5,3
13320263,76,11,7
13321631,5,6,2
13321703,5,5,2
13323077,11,7,3
13323189,3,4,2
13323573,28,9,5
13323757,1,1,0
13323957,7,7,3
13323981,1,1,0
13324037,1,1,0
13328913,4,5,2
13331187,541,13,8
13331251,4,6,3
13332721,2,5,2
13332937,3,5,2
13332937,519,15,9
13334649,172,12,7
13335313,5,5,2
13335473,78,11,6
13335601,7,6,2
13336057,1,1,0
13336273,3,5,2
13336633,4,5,2
13337009,4,5,2
13337201,1,1,0
13337409,5,5,2
13337609,8,5,2
13337817,5,5,2
13337881,6,5,2
13338105,7,5,2
13338337,7,6,2
13338569,7,5,2
13338777,3,5,2
13339137,5,5,2
13339137,244,16,7
13339641,2,5,2
13340249,7,5,2
13340753,4,5,2
13341025,7,6,2
13341265,3,5,2
13341505,3,5,2
13342231,5,5,2
13342479,3,4,1
13342719,3,4,1
13343767,7,5,2
13343831,1,2,0
13344407,6,5,2
13344431,24,7,5
13344519,7,5,2
13345079,3,4,1
13345615,7,6,2
13346087,8,7,4
13346135,6,5,2
13346551,4,5,2
13346917,1,1,0
13348453,3,4,2
13348525,5,5,2
13348749,5,5,2
13349711,3,4,1
13350103,5,5,2
13350791,4,5,2
13351977,4,5,2
13351977,1190,17,11
13351977,1581,17,11
13357475,2,3,1
13357499,4,6,3
13357939,2,3,1
13358219,3,3,1
13358555,8,6,3
13360169,3,5,2
13362798,8,6,3
13362798,62,9,6
13366908,177,11,7
13370528,14,8,3
13370528,583,13,8
13372395,2,3,1
13372459,6,5,3
13372563,1,2,0
13372779,6,5,3
13372851,2,3,1
13374837,78,11,6
13374837,236,13,7
13375627,4,5,3
13376083,5,6,3
13376459,3,3,1
13376643,5,6,3
13377427,7,6,3
13379496,198,13,8
13379496,684,15,9
13382027,1,2,0
13386350,8,6,3
13386350,582,14,8
13388502,5,4,2
13390476,8,5,3
13390764,4,3,1
13391172,3,3,1
13392686,7,6,3
13392718,1,3,1
13392718,19,7,4
13395751,4,5,2
13395759,8,7,3
13396023,8,7,4
13396807,2,4,1
13396807,4,5,2
13398025,2,5,2
13398913,4,5,2
13399706,119,12,6
13401362,2,2,1
13401370,135,13,6
13402296,5,5,2
13402296,34,8,5
13403696,4,4,1
13403696,6,6,2
13403696,276,13,7
13403696,650,14,10
13403696,686,14,10
13403696,1159,14,10
13403696,1280,14,10
13404943,721,12,9
13404943,1178,15,10
13405807,2,4,1
13405807,544,13,8
13411058,44,9,5
13413014,5,4,2
13413070,13,6,3
13413701,6,7,3
13416121,7,5,2
13416793,6,5,2
13417329,192,12,7
13418273,2,5,2
13418613,3,4,2
13418701,3,5,2
13418725,3,4,2
13419373,316,13,7
13419749,4,4,2
13422297,3,5,2
13422321,7,6,2
13422337,1,1,0
13422393,7,5,2
13422921,6,5,2
13423770,3,5,2
13425978,3,5,2
13437460,8,6,3
13441794,18,8,3
13442993,455,16,9
13445020,7,6,3
13446780,7,6,3
13446780,801,15,10
13447353,8,5,2
13447561,4,5,2
13447593,6,5,2
13448521,321,12,7
13449105,3,5,2
13449161,1,1,0
13449521,4,5,2
13449985,6,6,2
13450417,339,14,8
13450417,363,14,8
13450417,389,14,8
13450417,421,14,8
13450585,5,5,2
13450897,48,9,5
13451073,7,6,2
13452121,8,5,2
13455527,5,5,2
13456695,152,11,6
13459227,2323,18,11
13459515,4,6,3
13461035,1,2,0
13461035,409,15,8
13461403,2,3,1
13461881,2,5,2
13462265,2,5,2
13462297,8,5,2
13462409,4,5,2
13464952,2,3,1
13466344,2,3,1
13466352,8,6,2
13466544,7,6,2
13467464,3,4,1
13473991,7,5,2
13475551,4,6,2
13475551,1497,15,10
13476110,1,3,1
13476278,1,3,1
13476694,2,3,1
13476718,2,3,1
13476798,6,5,2
13476886,5,4,2
13478462,710,14,10
13478798,6,5,2
13478798,294,12,8
13481454,4,5,2
13481510,6,4,2
13481550,8,6,3
13481646,5,5,2
13481678,1,3,1
13482038,2,3,1
13482366,6,5,2
13484230,359,13,8
13484454,59,10,6
13485294,6,5,2
13485294,28,7,4
13485414,118,12,7
13489252,6,6,3
13489268,6,6,3
13489596,8,6,3
13489596,29,9,5
13490835,5,6,3
13490883,5,6,3
13490939,7,6,3
13492251,8,6,3
13492747,1,2,0
13493707,4,5,3
13493707,443,13,8
13494419,3,3,1
13497131,3,3,1
13497611,83,13,6
13499419,1,2,0
13499531,7,5,3
13500011,17,8,4
13500827,7,6,3
13501571,1,2,0
13501635,4,6,3
13501907,7,6,3
13501995,13,8,4
13501995,39,8,4
13502035,15,6,3
13502411,214,14,8
13503243,2,3,1
13504619,7,5,3
13504619,557,16,8
13504619,863,18,9
13504619,885,18,9
13504619,949,18,9
13506298,5,5,2
13506298,921,15,10
13507218,438,13,8
13509862,8,6,3
13509862,36,8,4
13509910,6,4,2
13511414,14,6,3
13511414,1374,16,10
13511878,93,10,7
13514388,183,13,8
13516786,2023,19,10
13518098,5,5,2
13518098,603,14,9
13520417,1158,15,10
13520417,2159,16,11
13522601,6,5,2
13523049,29,8,4
13523529,5,5,2
13523569,5,5,2
13524114,6,5,2
13525098,55,10,6
13526374,853,15,9
13530090,383,15,8
13530418,3,5,2
13532370,19,9,5
13534607,7,6,2
13535965,5,5,2
13536525,5,5,2
13537509,1,1,0
13537517,1,1,0
13541801,4,5,2
13544944,8,6,2
13545589,5,4,2
13545589,445,16,8
13545589,504,16,8
13545589,645,18,9
13547988,5,6,3
13547988,869,15,9
13548068,4,3,1
13548268,6,5,3
13548268,157,12,7
13549092,4,3,1
13549092,179,13,7
13549092,385,14,8
13549092,393,14,8
13549092,415,14,8
13549324,5,5,3
13549388,1,3,1
13549388,44,9,4
13549884,7,6,3
13550987,6,5,3
13550987,147,12,8
13550987,169,12,8
13550987,196,12,8
13551083,6,5,3
13551491,5,6,3
13551507,3,3,1
13551539,3,3,1
13551547,3,3,1
13551547,5,6,3
13551563,1,2,0
13551579,7,6,3
13551611,11,6,3
13551707,3,3,1
13552259,7,6,3
13552275,1,2,0
13552275,5,6,3
13552323,1,2,0
13552435,5,6,3
13552475,5,6,3
13559857,1702,19,10
13560265,1,1,0
13560321,5,5,2
13562281,2,5,2
13562481,6,6,2
13564345,169,11,6
13564345,911,16,9
13566857,1,1,0
13571135,7,6,2
13572109,367,17,8
13572109,381,17,8
13573365,6,7,3
13573365,315,14,8
13573413,6,7,3
13573541,5,4,2
13574821,5,4,2
13575109,5,4,2
13577569,3,5,2
13577569,1895,17,11
13579056,1348,16,10
13579520,8,6,2
13581812,8,6,3
13582820,2,3,1
13583004,6,6,3
13583692,8,5,3
13588715,1428,18,10
13593423,54,8,5
13593423,2099,16,10
13593423,3235,19,12
13593423,3757,19,12
13594202,3,5,2
13594290,3,5,2
13596849,76,11,6
13596849,299,14,8
13599312,4,4,1
13599936,6,6,2
13600938,183,14,8
